SNP,IVW,P,Outcome_Disease
rs7100710,0.160715788992439,6.62e-27,finngen_R10_CD2_BENIGN_LIVER.gz
rs4317935,0.160715788992439,2.43e-10,finngen_R10_CD2_BENIGN_LIVER.gz
rs12249208,0.160715788992439,5.75e-12,finngen_R10_CD2_BENIGN_LIVER.gz
rs10762307,0.160715788992439,5.73e-12,finngen_R10_CD2_BENIGN_LIVER.gz
rs810517,0.160715788992439,1.39e-35,finngen_R10_CD2_BENIGN_LIVER.gz
rs10887775,0.160715788992439,7.89e-12,finngen_R10_CD2_BENIGN_LIVER.gz
rs10882102,0.160715788992439,1.44e-63,finngen_R10_CD2_BENIGN_LIVER.gz
rs701814,0.160715788992439,5.39e-13,finngen_R10_CD2_BENIGN_LIVER.gz
rs34872471,0.160715788992439,0.0,finngen_R10_CD2_BENIGN_LIVER.gz
rs11592174,0.160715788992439,5.78e-12,finngen_R10_CD2_BENIGN_LIVER.gz
rs163184,0.160715788992439,1.16e-43,finngen_R10_CD2_BENIGN_LIVER.gz
rs1002226,0.160715788992439,1.34e-20,finngen_R10_CD2_BENIGN_LIVER.gz
rs1228479,0.160715788992439,1.54e-10,finngen_R10_CD2_BENIGN_LIVER.gz
rs16926116,0.160715788992439,2.51e-11,finngen_R10_CD2_BENIGN_LIVER.gz
rs2625387,0.160715788992439,2e-12,finngen_R10_CD2_BENIGN_LIVER.gz
rs3974686,0.160715788992439,8.19e-11,finngen_R10_CD2_BENIGN_LIVER.gz
rs10896012,0.160715788992439,2.49e-13,finngen_R10_CD2_BENIGN_LIVER.gz
rs77464186,0.160715788992439,1.0600000000000001e-21,finngen_R10_CD2_BENIGN_LIVER.gz
rs11020124,0.160715788992439,9.29e-22,finngen_R10_CD2_BENIGN_LIVER.gz
rs67232546,0.160715788992439,2.42e-11,finngen_R10_CD2_BENIGN_LIVER.gz
rs55688155,0.160715788992439,3.01e-09,finngen_R10_CD2_BENIGN_LIVER.gz
rs12578595,0.160715788992439,5.58e-14,finngen_R10_CD2_BENIGN_LIVER.gz
rs12423065,0.160715788992439,3.54e-09,finngen_R10_CD2_BENIGN_LIVER.gz
rs2261070,0.160715788992439,1.3999999999999999e-24,finngen_R10_CD2_BENIGN_LIVER.gz
rs7956274,0.160715788992439,3.63e-12,finngen_R10_CD2_BENIGN_LIVER.gz
rs11111510,0.160715788992439,3.36e-09,finngen_R10_CD2_BENIGN_LIVER.gz
rs7965349,0.160715788992439,2e-17,finngen_R10_CD2_BENIGN_LIVER.gz
rs825476,0.160715788992439,3.59e-16,finngen_R10_CD2_BENIGN_LIVER.gz
rs10507349,0.160715788992439,2.52e-13,finngen_R10_CD2_BENIGN_LIVER.gz
rs11839569,0.160715788992439,1.28e-12,finngen_R10_CD2_BENIGN_LIVER.gz
rs9788315,0.160715788992439,3.11e-10,finngen_R10_CD2_BENIGN_LIVER.gz
rs1327315,0.160715788992439,8.31e-33,finngen_R10_CD2_BENIGN_LIVER.gz
rs7987740,0.160715788992439,2.05e-10,finngen_R10_CD2_BENIGN_LIVER.gz
rs2183237,0.160715788992439,2.42e-12,finngen_R10_CD2_BENIGN_LIVER.gz
rs58231973,0.160715788992439,6.97e-10,finngen_R10_CD2_BENIGN_LIVER.gz
rs12431732,0.160715788992439,9.63e-10,finngen_R10_CD2_BENIGN_LIVER.gz
rs61995406,0.160715788992439,1.57e-10,finngen_R10_CD2_BENIGN_LIVER.gz
rs3783395,0.160715788992439,2.2e-11,finngen_R10_CD2_BENIGN_LIVER.gz
rs34715063,0.160715788992439,2.41e-16,finngen_R10_CD2_BENIGN_LIVER.gz
rs2289739,0.160715788992439,2.37e-11,finngen_R10_CD2_BENIGN_LIVER.gz
rs35609972,0.160715788992439,4.46e-10,finngen_R10_CD2_BENIGN_LIVER.gz
rs6494307,0.160715788992439,8.92e-15,finngen_R10_CD2_BENIGN_LIVER.gz
rs907381,0.160715788992439,1.93e-15,finngen_R10_CD2_BENIGN_LIVER.gz
rs6495474,0.160715788992439,6.86e-10,finngen_R10_CD2_BENIGN_LIVER.gz
rs1371135,0.160715788992439,5.61e-23,finngen_R10_CD2_BENIGN_LIVER.gz
rs6600191,0.160715788992439,2.74e-09,finngen_R10_CD2_BENIGN_LIVER.gz
rs7193144,0.160715788992439,1.59e-63,finngen_R10_CD2_BENIGN_LIVER.gz
rs244420,0.160715788992439,3.4e-18,finngen_R10_CD2_BENIGN_LIVER.gz
rs889512,0.160715788992439,4.58e-21,finngen_R10_CD2_BENIGN_LIVER.gz
rs2927307,0.160715788992439,1.99e-12,finngen_R10_CD2_BENIGN_LIVER.gz
rs2278524,0.160715788992439,5.76e-15,finngen_R10_CD2_BENIGN_LIVER.gz
rs2429244,0.160715788992439,4.44e-09,finngen_R10_CD2_BENIGN_LIVER.gz
rs11651755,0.160715788992439,3.8999999999999994e-23,finngen_R10_CD2_BENIGN_LIVER.gz
rs302864,0.160715788992439,2.23e-09,finngen_R10_CD2_BENIGN_LIVER.gz
rs72845888,0.160715788992439,3.26e-10,finngen_R10_CD2_BENIGN_LIVER.gz
rs11658220,0.160715788992439,2.78e-09,finngen_R10_CD2_BENIGN_LIVER.gz
rs9948462,0.160715788992439,5.29e-11,finngen_R10_CD2_BENIGN_LIVER.gz
rs891387,0.160715788992439,1.61e-11,finngen_R10_CD2_BENIGN_LIVER.gz
rs11663816,0.160715788992439,3.53e-17,finngen_R10_CD2_BENIGN_LIVER.gz
rs71353381,0.160715788992439,6.78e-10,finngen_R10_CD2_BENIGN_LIVER.gz
rs3786901,0.160715788992439,8.91e-14,finngen_R10_CD2_BENIGN_LIVER.gz
rs10406431,0.160715788992439,1.8899999999999998e-24,finngen_R10_CD2_BENIGN_LIVER.gz
rs927742,0.160715788992439,4.09e-09,finngen_R10_CD2_BENIGN_LIVER.gz
rs6683792,0.160715788992439,1.03e-11,finngen_R10_CD2_BENIGN_LIVER.gz
rs16826000,0.160715788992439,8.580000000000001e-21,finngen_R10_CD2_BENIGN_LIVER.gz
rs12089749,0.160715788992439,4.04e-20,finngen_R10_CD2_BENIGN_LIVER.gz
rs12140153,0.160715788992439,4.19e-10,finngen_R10_CD2_BENIGN_LIVER.gz
rs12036036,0.160715788992439,3.52e-11,finngen_R10_CD2_BENIGN_LIVER.gz
rs1546924,0.160715788992439,1.59e-09,finngen_R10_CD2_BENIGN_LIVER.gz
rs1127655,0.160715788992439,1.42e-11,finngen_R10_CD2_BENIGN_LIVER.gz
rs630372,0.160715788992439,1.58e-09,finngen_R10_CD2_BENIGN_LIVER.gz
rs2075423,0.160715788992439,2.41e-21,finngen_R10_CD2_BENIGN_LIVER.gz
rs1415293,0.160715788992439,2.81e-14,finngen_R10_CD2_BENIGN_LIVER.gz
rs1749578,0.160715788992439,3.99e-12,finngen_R10_CD2_BENIGN_LIVER.gz
rs6048110,0.160715788992439,1.44e-10,finngen_R10_CD2_BENIGN_LIVER.gz
rs2626562,0.160715788992439,2.79e-10,finngen_R10_CD2_BENIGN_LIVER.gz
rs2144908,0.160715788992439,5.37e-16,finngen_R10_CD2_BENIGN_LIVER.gz
rs55966194,0.160715788992439,4.52e-19,finngen_R10_CD2_BENIGN_LIVER.gz
rs6012876,0.160715788992439,5.78e-13,finngen_R10_CD2_BENIGN_LIVER.gz
rs6011155,0.160715788992439,1.17e-15,finngen_R10_CD2_BENIGN_LIVER.gz
rs9637192,0.160715788992439,5.41e-10,finngen_R10_CD2_BENIGN_LIVER.gz
rs111280202,0.160715788992439,8.59e-10,finngen_R10_CD2_BENIGN_LIVER.gz
rs12714415,0.160715788992439,6.33e-17,finngen_R10_CD2_BENIGN_LIVER.gz
rs7585730,0.160715788992439,1.76e-11,finngen_R10_CD2_BENIGN_LIVER.gz
rs13408002,0.160715788992439,6.549999999999999e-30,finngen_R10_CD2_BENIGN_LIVER.gz
rs243019,0.160715788992439,1.07e-15,finngen_R10_CD2_BENIGN_LIVER.gz
rs12470883,0.160715788992439,1.41e-17,finngen_R10_CD2_BENIGN_LIVER.gz
rs62146062,0.160715788992439,1.59e-09,finngen_R10_CD2_BENIGN_LIVER.gz
rs28545614,0.160715788992439,1.3e-09,finngen_R10_CD2_BENIGN_LIVER.gz
rs10169613,0.160715788992439,4.5e-11,finngen_R10_CD2_BENIGN_LIVER.gz
rs12617662,0.160715788992439,1.92e-18,finngen_R10_CD2_BENIGN_LIVER.gz
rs1355421,0.160715788992439,3.58e-11,finngen_R10_CD2_BENIGN_LIVER.gz
rs9630985,0.160715788992439,2.27e-09,finngen_R10_CD2_BENIGN_LIVER.gz
rs10205281,0.160715788992439,1.3e-13,finngen_R10_CD2_BENIGN_LIVER.gz
rs892513,0.160715788992439,4.08e-09,finngen_R10_CD2_BENIGN_LIVER.gz
rs2972144,0.160715788992439,1.8199999999999997e-46,finngen_R10_CD2_BENIGN_LIVER.gz
rs1496653,0.160715788992439,8.800000000000001e-29,finngen_R10_CD2_BENIGN_LIVER.gz
rs12715421,0.160715788992439,1.14e-10,finngen_R10_CD2_BENIGN_LIVER.gz
rs9311485,0.160715788992439,2.3e-12,finngen_R10_CD2_BENIGN_LIVER.gz
rs7640090,0.160715788992439,9.99e-14,finngen_R10_CD2_BENIGN_LIVER.gz
rs9860730,0.160715788992439,3.96e-12,finngen_R10_CD2_BENIGN_LIVER.gz
rs9836630,0.160715788992439,2.64e-11,finngen_R10_CD2_BENIGN_LIVER.gz
rs9857105,0.160715788992439,6.47e-10,finngen_R10_CD2_BENIGN_LIVER.gz
rs2124500,0.160715788992439,7.1200000000000005e-43,finngen_R10_CD2_BENIGN_LIVER.gz
rs2178385,0.160715788992439,8.91e-10,finngen_R10_CD2_BENIGN_LIVER.gz
rs9844972,0.160715788992439,6.71e-15,finngen_R10_CD2_BENIGN_LIVER.gz
rs4622883,0.160715788992439,2.04e-13,finngen_R10_CD2_BENIGN_LIVER.gz
rs11925227,0.160715788992439,2.05e-10,finngen_R10_CD2_BENIGN_LIVER.gz
rs9815642,0.160715788992439,1.09e-11,finngen_R10_CD2_BENIGN_LIVER.gz
rs11929397,0.160715788992439,2.88e-75,finngen_R10_CD2_BENIGN_LIVER.gz
rs76034781,0.160715788992439,4.42e-12,finngen_R10_CD2_BENIGN_LIVER.gz
rs13103357,0.160715788992439,1.7199999999999998e-48,finngen_R10_CD2_BENIGN_LIVER.gz
rs7662934,0.160715788992439,3.68e-09,finngen_R10_CD2_BENIGN_LIVER.gz
rs6844902,0.160715788992439,1.92e-10,finngen_R10_CD2_BENIGN_LIVER.gz
rs993380,0.160715788992439,1.77e-14,finngen_R10_CD2_BENIGN_LIVER.gz
rs56390365,0.160715788992439,1.24e-09,finngen_R10_CD2_BENIGN_LIVER.gz
rs769670,0.160715788992439,9.6e-11,finngen_R10_CD2_BENIGN_LIVER.gz
rs9991574,0.160715788992439,1.4e-12,finngen_R10_CD2_BENIGN_LIVER.gz
rs3087948,0.160715788992439,4.52e-14,finngen_R10_CD2_BENIGN_LIVER.gz
rs702634,0.160715788992439,7.35e-17,finngen_R10_CD2_BENIGN_LIVER.gz
rs463204,0.160715788992439,4.31e-12,finngen_R10_CD2_BENIGN_LIVER.gz
rs6878122,0.160715788992439,4.56e-13,finngen_R10_CD2_BENIGN_LIVER.gz
rs1664551,0.160715788992439,2.08e-09,finngen_R10_CD2_BENIGN_LIVER.gz
rs2304607,0.160715788992439,1.22e-10,finngen_R10_CD2_BENIGN_LIVER.gz
rs116234738,0.160715788992439,2.2600000000000002e-26,finngen_R10_CD2_BENIGN_LIVER.gz
rs10440833,0.160715788992439,7.98e-76,finngen_R10_CD2_BENIGN_LIVER.gz
rs9273368,0.160715788992439,2.34e-33,finngen_R10_CD2_BENIGN_LIVER.gz
rs9369425,0.160715788992439,5.1e-11,finngen_R10_CD2_BENIGN_LIVER.gz
rs3798519,0.160715788992439,5.04e-16,finngen_R10_CD2_BENIGN_LIVER.gz
rs7766794,0.160715788992439,6.56e-10,finngen_R10_CD2_BENIGN_LIVER.gz
rs719727,0.160715788992439,2.27e-12,finngen_R10_CD2_BENIGN_LIVER.gz
rs4895598,0.160715788992439,6.95e-10,finngen_R10_CD2_BENIGN_LIVER.gz
rs624319,0.160715788992439,4.64e-14,finngen_R10_CD2_BENIGN_LIVER.gz
rs4721089,0.160715788992439,2.01e-12,finngen_R10_CD2_BENIGN_LIVER.gz
rs10258074,0.160715788992439,3e-35,finngen_R10_CD2_BENIGN_LIVER.gz
rs10486490,0.160715788992439,2.91e-09,finngen_R10_CD2_BENIGN_LIVER.gz
rs1635853,0.160715788992439,3.0399999999999997e-38,finngen_R10_CD2_BENIGN_LIVER.gz
rs1464786,0.160715788992439,5.37e-10,finngen_R10_CD2_BENIGN_LIVER.gz
rs34324971,0.160715788992439,4.3e-14,finngen_R10_CD2_BENIGN_LIVER.gz
rs506597,0.160715788992439,2.85e-09,finngen_R10_CD2_BENIGN_LIVER.gz
rs10244364,0.160715788992439,1.8e-12,finngen_R10_CD2_BENIGN_LIVER.gz
rs7783857,0.160715788992439,3.56e-14,finngen_R10_CD2_BENIGN_LIVER.gz
rs7786095,0.160715788992439,3.46e-15,finngen_R10_CD2_BENIGN_LIVER.gz
rs13260303,0.160715788992439,1.25e-10,finngen_R10_CD2_BENIGN_LIVER.gz
rs13365225,0.160715788992439,1.3e-09,finngen_R10_CD2_BENIGN_LIVER.gz
rs10112467,0.160715788992439,1.51e-09,finngen_R10_CD2_BENIGN_LIVER.gz
rs7845219,0.160715788992439,1.75e-15,finngen_R10_CD2_BENIGN_LIVER.gz
rs11774700,0.160715788992439,4.3800000000000005e-43,finngen_R10_CD2_BENIGN_LIVER.gz
rs6475311,0.160715788992439,1.14e-09,finngen_R10_CD2_BENIGN_LIVER.gz
rs7038553,0.160715788992439,1.1e-11,finngen_R10_CD2_BENIGN_LIVER.gz
rs17791513,0.160715788992439,1.43e-14,finngen_R10_CD2_BENIGN_LIVER.gz
rs2796441,0.160715788992439,3.7e-17,finngen_R10_CD2_BENIGN_LIVER.gz
rs7873130,0.160715788992439,6.5e-10,finngen_R10_CD2_BENIGN_LIVER.gz
rs10985911,0.160715788992439,4.79e-10,finngen_R10_CD2_BENIGN_LIVER.gz
rs687289,0.160715788992439,6.7e-14,finngen_R10_CD2_BENIGN_LIVER.gz
rs7100710,0.042267127654828,6.62e-27,finngen_R10_COPD_EARLY.gz
rs4317935,0.042267127654828,2.43e-10,finngen_R10_COPD_EARLY.gz
rs12249208,0.042267127654828,5.75e-12,finngen_R10_COPD_EARLY.gz
rs10762307,0.042267127654828,5.73e-12,finngen_R10_COPD_EARLY.gz
rs810517,0.042267127654828,1.39e-35,finngen_R10_COPD_EARLY.gz
rs10887775,0.042267127654828,7.89e-12,finngen_R10_COPD_EARLY.gz
rs10882102,0.042267127654828,1.44e-63,finngen_R10_COPD_EARLY.gz
rs701814,0.042267127654828,5.39e-13,finngen_R10_COPD_EARLY.gz
rs34872471,0.042267127654828,0.0,finngen_R10_COPD_EARLY.gz
rs11592174,0.042267127654828,5.78e-12,finngen_R10_COPD_EARLY.gz
rs163184,0.042267127654828,1.16e-43,finngen_R10_COPD_EARLY.gz
rs1002226,0.042267127654828,1.34e-20,finngen_R10_COPD_EARLY.gz
rs1228479,0.042267127654828,1.54e-10,finngen_R10_COPD_EARLY.gz
rs16926116,0.042267127654828,2.51e-11,finngen_R10_COPD_EARLY.gz
rs2625387,0.042267127654828,2e-12,finngen_R10_COPD_EARLY.gz
rs3974686,0.042267127654828,8.19e-11,finngen_R10_COPD_EARLY.gz
rs10896012,0.042267127654828,2.49e-13,finngen_R10_COPD_EARLY.gz
rs77464186,0.042267127654828,1.0600000000000001e-21,finngen_R10_COPD_EARLY.gz
rs11020124,0.042267127654828,9.29e-22,finngen_R10_COPD_EARLY.gz
rs67232546,0.042267127654828,2.42e-11,finngen_R10_COPD_EARLY.gz
rs55688155,0.042267127654828,3.01e-09,finngen_R10_COPD_EARLY.gz
rs12578595,0.042267127654828,5.58e-14,finngen_R10_COPD_EARLY.gz
rs12423065,0.042267127654828,3.54e-09,finngen_R10_COPD_EARLY.gz
rs2261070,0.042267127654828,1.3999999999999999e-24,finngen_R10_COPD_EARLY.gz
rs7956274,0.042267127654828,3.63e-12,finngen_R10_COPD_EARLY.gz
rs11111510,0.042267127654828,3.36e-09,finngen_R10_COPD_EARLY.gz
rs7965349,0.042267127654828,2e-17,finngen_R10_COPD_EARLY.gz
rs825476,0.042267127654828,3.59e-16,finngen_R10_COPD_EARLY.gz
rs10507349,0.042267127654828,2.52e-13,finngen_R10_COPD_EARLY.gz
rs11839569,0.042267127654828,1.28e-12,finngen_R10_COPD_EARLY.gz
rs9788315,0.042267127654828,3.11e-10,finngen_R10_COPD_EARLY.gz
rs1327315,0.042267127654828,8.31e-33,finngen_R10_COPD_EARLY.gz
rs7987740,0.042267127654828,2.05e-10,finngen_R10_COPD_EARLY.gz
rs2183237,0.042267127654828,2.42e-12,finngen_R10_COPD_EARLY.gz
rs58231973,0.042267127654828,6.97e-10,finngen_R10_COPD_EARLY.gz
rs12431732,0.042267127654828,9.63e-10,finngen_R10_COPD_EARLY.gz
rs61995406,0.042267127654828,1.57e-10,finngen_R10_COPD_EARLY.gz
rs3783395,0.042267127654828,2.2e-11,finngen_R10_COPD_EARLY.gz
rs34715063,0.042267127654828,2.41e-16,finngen_R10_COPD_EARLY.gz
rs2289739,0.042267127654828,2.37e-11,finngen_R10_COPD_EARLY.gz
rs35609972,0.042267127654828,4.46e-10,finngen_R10_COPD_EARLY.gz
rs6494307,0.042267127654828,8.92e-15,finngen_R10_COPD_EARLY.gz
rs907381,0.042267127654828,1.93e-15,finngen_R10_COPD_EARLY.gz
rs6495474,0.042267127654828,6.86e-10,finngen_R10_COPD_EARLY.gz
rs1371135,0.042267127654828,5.61e-23,finngen_R10_COPD_EARLY.gz
rs6600191,0.042267127654828,2.74e-09,finngen_R10_COPD_EARLY.gz
rs7193144,0.042267127654828,1.59e-63,finngen_R10_COPD_EARLY.gz
rs244420,0.042267127654828,3.4e-18,finngen_R10_COPD_EARLY.gz
rs889512,0.042267127654828,4.58e-21,finngen_R10_COPD_EARLY.gz
rs2927307,0.042267127654828,1.99e-12,finngen_R10_COPD_EARLY.gz
rs2278524,0.042267127654828,5.76e-15,finngen_R10_COPD_EARLY.gz
rs2429244,0.042267127654828,4.44e-09,finngen_R10_COPD_EARLY.gz
rs11651755,0.042267127654828,3.8999999999999994e-23,finngen_R10_COPD_EARLY.gz
rs302864,0.042267127654828,2.23e-09,finngen_R10_COPD_EARLY.gz
rs72845888,0.042267127654828,3.26e-10,finngen_R10_COPD_EARLY.gz
rs11658220,0.042267127654828,2.78e-09,finngen_R10_COPD_EARLY.gz
rs9948462,0.042267127654828,5.29e-11,finngen_R10_COPD_EARLY.gz
rs891387,0.042267127654828,1.61e-11,finngen_R10_COPD_EARLY.gz
rs11663816,0.042267127654828,3.53e-17,finngen_R10_COPD_EARLY.gz
rs71353381,0.042267127654828,6.78e-10,finngen_R10_COPD_EARLY.gz
rs3786901,0.042267127654828,8.91e-14,finngen_R10_COPD_EARLY.gz
rs10406431,0.042267127654828,1.8899999999999998e-24,finngen_R10_COPD_EARLY.gz
rs927742,0.042267127654828,4.09e-09,finngen_R10_COPD_EARLY.gz
rs6683792,0.042267127654828,1.03e-11,finngen_R10_COPD_EARLY.gz
rs16826000,0.042267127654828,8.580000000000001e-21,finngen_R10_COPD_EARLY.gz
rs12089749,0.042267127654828,4.04e-20,finngen_R10_COPD_EARLY.gz
rs12140153,0.042267127654828,4.19e-10,finngen_R10_COPD_EARLY.gz
rs12036036,0.042267127654828,3.52e-11,finngen_R10_COPD_EARLY.gz
rs1546924,0.042267127654828,1.59e-09,finngen_R10_COPD_EARLY.gz
rs1127655,0.042267127654828,1.42e-11,finngen_R10_COPD_EARLY.gz
rs630372,0.042267127654828,1.58e-09,finngen_R10_COPD_EARLY.gz
rs2075423,0.042267127654828,2.41e-21,finngen_R10_COPD_EARLY.gz
rs1415293,0.042267127654828,2.81e-14,finngen_R10_COPD_EARLY.gz
rs1749578,0.042267127654828,3.99e-12,finngen_R10_COPD_EARLY.gz
rs6048110,0.042267127654828,1.44e-10,finngen_R10_COPD_EARLY.gz
rs2626562,0.042267127654828,2.79e-10,finngen_R10_COPD_EARLY.gz
rs2144908,0.042267127654828,5.37e-16,finngen_R10_COPD_EARLY.gz
rs55966194,0.042267127654828,4.52e-19,finngen_R10_COPD_EARLY.gz
rs6012876,0.042267127654828,5.78e-13,finngen_R10_COPD_EARLY.gz
rs6011155,0.042267127654828,1.17e-15,finngen_R10_COPD_EARLY.gz
rs9637192,0.042267127654828,5.41e-10,finngen_R10_COPD_EARLY.gz
rs111280202,0.042267127654828,8.59e-10,finngen_R10_COPD_EARLY.gz
rs12714415,0.042267127654828,6.33e-17,finngen_R10_COPD_EARLY.gz
rs7585730,0.042267127654828,1.76e-11,finngen_R10_COPD_EARLY.gz
rs13408002,0.042267127654828,6.549999999999999e-30,finngen_R10_COPD_EARLY.gz
rs243019,0.042267127654828,1.07e-15,finngen_R10_COPD_EARLY.gz
rs12470883,0.042267127654828,1.41e-17,finngen_R10_COPD_EARLY.gz
rs62146062,0.042267127654828,1.59e-09,finngen_R10_COPD_EARLY.gz
rs28545614,0.042267127654828,1.3e-09,finngen_R10_COPD_EARLY.gz
rs10169613,0.042267127654828,4.5e-11,finngen_R10_COPD_EARLY.gz
rs12617662,0.042267127654828,1.92e-18,finngen_R10_COPD_EARLY.gz
rs1355421,0.042267127654828,3.58e-11,finngen_R10_COPD_EARLY.gz
rs9630985,0.042267127654828,2.27e-09,finngen_R10_COPD_EARLY.gz
rs10205281,0.042267127654828,1.3e-13,finngen_R10_COPD_EARLY.gz
rs892513,0.042267127654828,4.08e-09,finngen_R10_COPD_EARLY.gz
rs2972144,0.042267127654828,1.8199999999999997e-46,finngen_R10_COPD_EARLY.gz
rs1496653,0.042267127654828,8.800000000000001e-29,finngen_R10_COPD_EARLY.gz
rs12715421,0.042267127654828,1.14e-10,finngen_R10_COPD_EARLY.gz
rs9311485,0.042267127654828,2.3e-12,finngen_R10_COPD_EARLY.gz
rs7640090,0.042267127654828,9.99e-14,finngen_R10_COPD_EARLY.gz
rs9860730,0.042267127654828,3.96e-12,finngen_R10_COPD_EARLY.gz
rs9836630,0.042267127654828,2.64e-11,finngen_R10_COPD_EARLY.gz
rs9857105,0.042267127654828,6.47e-10,finngen_R10_COPD_EARLY.gz
rs2124500,0.042267127654828,7.1200000000000005e-43,finngen_R10_COPD_EARLY.gz
rs2178385,0.042267127654828,8.91e-10,finngen_R10_COPD_EARLY.gz
rs9844972,0.042267127654828,6.71e-15,finngen_R10_COPD_EARLY.gz
rs4622883,0.042267127654828,2.04e-13,finngen_R10_COPD_EARLY.gz
rs11925227,0.042267127654828,2.05e-10,finngen_R10_COPD_EARLY.gz
rs9815642,0.042267127654828,1.09e-11,finngen_R10_COPD_EARLY.gz
rs11929397,0.042267127654828,2.88e-75,finngen_R10_COPD_EARLY.gz
rs76034781,0.042267127654828,4.42e-12,finngen_R10_COPD_EARLY.gz
rs13103357,0.042267127654828,1.7199999999999998e-48,finngen_R10_COPD_EARLY.gz
rs7662934,0.042267127654828,3.68e-09,finngen_R10_COPD_EARLY.gz
rs6844902,0.042267127654828,1.92e-10,finngen_R10_COPD_EARLY.gz
rs993380,0.042267127654828,1.77e-14,finngen_R10_COPD_EARLY.gz
rs56390365,0.042267127654828,1.24e-09,finngen_R10_COPD_EARLY.gz
rs769670,0.042267127654828,9.6e-11,finngen_R10_COPD_EARLY.gz
rs9991574,0.042267127654828,1.4e-12,finngen_R10_COPD_EARLY.gz
rs3087948,0.042267127654828,4.52e-14,finngen_R10_COPD_EARLY.gz
rs702634,0.042267127654828,7.35e-17,finngen_R10_COPD_EARLY.gz
rs463204,0.042267127654828,4.31e-12,finngen_R10_COPD_EARLY.gz
rs6878122,0.042267127654828,4.56e-13,finngen_R10_COPD_EARLY.gz
rs1664551,0.042267127654828,2.08e-09,finngen_R10_COPD_EARLY.gz
rs2304607,0.042267127654828,1.22e-10,finngen_R10_COPD_EARLY.gz
rs116234738,0.042267127654828,2.2600000000000002e-26,finngen_R10_COPD_EARLY.gz
rs10440833,0.042267127654828,7.98e-76,finngen_R10_COPD_EARLY.gz
rs9273368,0.042267127654828,2.34e-33,finngen_R10_COPD_EARLY.gz
rs9369425,0.042267127654828,5.1e-11,finngen_R10_COPD_EARLY.gz
rs3798519,0.042267127654828,5.04e-16,finngen_R10_COPD_EARLY.gz
rs7766794,0.042267127654828,6.56e-10,finngen_R10_COPD_EARLY.gz
rs719727,0.042267127654828,2.27e-12,finngen_R10_COPD_EARLY.gz
rs4895598,0.042267127654828,6.95e-10,finngen_R10_COPD_EARLY.gz
rs624319,0.042267127654828,4.64e-14,finngen_R10_COPD_EARLY.gz
rs4721089,0.042267127654828,2.01e-12,finngen_R10_COPD_EARLY.gz
rs10258074,0.042267127654828,3e-35,finngen_R10_COPD_EARLY.gz
rs10486490,0.042267127654828,2.91e-09,finngen_R10_COPD_EARLY.gz
rs1635853,0.042267127654828,3.0399999999999997e-38,finngen_R10_COPD_EARLY.gz
rs1464786,0.042267127654828,5.37e-10,finngen_R10_COPD_EARLY.gz
rs34324971,0.042267127654828,4.3e-14,finngen_R10_COPD_EARLY.gz
rs506597,0.042267127654828,2.85e-09,finngen_R10_COPD_EARLY.gz
rs10244364,0.042267127654828,1.8e-12,finngen_R10_COPD_EARLY.gz
rs7783857,0.042267127654828,3.56e-14,finngen_R10_COPD_EARLY.gz
rs7786095,0.042267127654828,3.46e-15,finngen_R10_COPD_EARLY.gz
rs13260303,0.042267127654828,1.25e-10,finngen_R10_COPD_EARLY.gz
rs13365225,0.042267127654828,1.3e-09,finngen_R10_COPD_EARLY.gz
rs10112467,0.042267127654828,1.51e-09,finngen_R10_COPD_EARLY.gz
rs7845219,0.042267127654828,1.75e-15,finngen_R10_COPD_EARLY.gz
rs11774700,0.042267127654828,4.3800000000000005e-43,finngen_R10_COPD_EARLY.gz
rs6475311,0.042267127654828,1.14e-09,finngen_R10_COPD_EARLY.gz
rs7038553,0.042267127654828,1.1e-11,finngen_R10_COPD_EARLY.gz
rs17791513,0.042267127654828,1.43e-14,finngen_R10_COPD_EARLY.gz
rs2796441,0.042267127654828,3.7e-17,finngen_R10_COPD_EARLY.gz
rs7873130,0.042267127654828,6.5e-10,finngen_R10_COPD_EARLY.gz
rs10985911,0.042267127654828,4.79e-10,finngen_R10_COPD_EARLY.gz
rs687289,0.042267127654828,6.7e-14,finngen_R10_COPD_EARLY.gz
rs7100710,0.0045245226866581,6.62e-27,finngen_R10_COPD_INSUFFICIENCY.gz
rs4317935,0.0045245226866581,2.43e-10,finngen_R10_COPD_INSUFFICIENCY.gz
rs12249208,0.0045245226866581,5.75e-12,finngen_R10_COPD_INSUFFICIENCY.gz
rs10762307,0.0045245226866581,5.73e-12,finngen_R10_COPD_INSUFFICIENCY.gz
rs810517,0.0045245226866581,1.39e-35,finngen_R10_COPD_INSUFFICIENCY.gz
rs10887775,0.0045245226866581,7.89e-12,finngen_R10_COPD_INSUFFICIENCY.gz
rs10882102,0.0045245226866581,1.44e-63,finngen_R10_COPD_INSUFFICIENCY.gz
rs701814,0.0045245226866581,5.39e-13,finngen_R10_COPD_INSUFFICIENCY.gz
rs34872471,0.0045245226866581,0.0,finngen_R10_COPD_INSUFFICIENCY.gz
rs11592174,0.0045245226866581,5.78e-12,finngen_R10_COPD_INSUFFICIENCY.gz
rs163184,0.0045245226866581,1.16e-43,finngen_R10_COPD_INSUFFICIENCY.gz
rs1002226,0.0045245226866581,1.34e-20,finngen_R10_COPD_INSUFFICIENCY.gz
rs1228479,0.0045245226866581,1.54e-10,finngen_R10_COPD_INSUFFICIENCY.gz
rs16926116,0.0045245226866581,2.51e-11,finngen_R10_COPD_INSUFFICIENCY.gz
rs2625387,0.0045245226866581,2e-12,finngen_R10_COPD_INSUFFICIENCY.gz
rs3974686,0.0045245226866581,8.19e-11,finngen_R10_COPD_INSUFFICIENCY.gz
rs10896012,0.0045245226866581,2.49e-13,finngen_R10_COPD_INSUFFICIENCY.gz
rs77464186,0.0045245226866581,1.0600000000000001e-21,finngen_R10_COPD_INSUFFICIENCY.gz
rs11020124,0.0045245226866581,9.29e-22,finngen_R10_COPD_INSUFFICIENCY.gz
rs67232546,0.0045245226866581,2.42e-11,finngen_R10_COPD_INSUFFICIENCY.gz
rs55688155,0.0045245226866581,3.01e-09,finngen_R10_COPD_INSUFFICIENCY.gz
rs12578595,0.0045245226866581,5.58e-14,finngen_R10_COPD_INSUFFICIENCY.gz
rs12423065,0.0045245226866581,3.54e-09,finngen_R10_COPD_INSUFFICIENCY.gz
rs2261070,0.0045245226866581,1.3999999999999999e-24,finngen_R10_COPD_INSUFFICIENCY.gz
rs7956274,0.0045245226866581,3.63e-12,finngen_R10_COPD_INSUFFICIENCY.gz
rs11111510,0.0045245226866581,3.36e-09,finngen_R10_COPD_INSUFFICIENCY.gz
rs7965349,0.0045245226866581,2e-17,finngen_R10_COPD_INSUFFICIENCY.gz
rs825476,0.0045245226866581,3.59e-16,finngen_R10_COPD_INSUFFICIENCY.gz
rs10507349,0.0045245226866581,2.52e-13,finngen_R10_COPD_INSUFFICIENCY.gz
rs11839569,0.0045245226866581,1.28e-12,finngen_R10_COPD_INSUFFICIENCY.gz
rs9788315,0.0045245226866581,3.11e-10,finngen_R10_COPD_INSUFFICIENCY.gz
rs1327315,0.0045245226866581,8.31e-33,finngen_R10_COPD_INSUFFICIENCY.gz
rs7987740,0.0045245226866581,2.05e-10,finngen_R10_COPD_INSUFFICIENCY.gz
rs2183237,0.0045245226866581,2.42e-12,finngen_R10_COPD_INSUFFICIENCY.gz
rs58231973,0.0045245226866581,6.97e-10,finngen_R10_COPD_INSUFFICIENCY.gz
rs12431732,0.0045245226866581,9.63e-10,finngen_R10_COPD_INSUFFICIENCY.gz
rs61995406,0.0045245226866581,1.57e-10,finngen_R10_COPD_INSUFFICIENCY.gz
rs3783395,0.0045245226866581,2.2e-11,finngen_R10_COPD_INSUFFICIENCY.gz
rs34715063,0.0045245226866581,2.41e-16,finngen_R10_COPD_INSUFFICIENCY.gz
rs2289739,0.0045245226866581,2.37e-11,finngen_R10_COPD_INSUFFICIENCY.gz
rs35609972,0.0045245226866581,4.46e-10,finngen_R10_COPD_INSUFFICIENCY.gz
rs6494307,0.0045245226866581,8.92e-15,finngen_R10_COPD_INSUFFICIENCY.gz
rs907381,0.0045245226866581,1.93e-15,finngen_R10_COPD_INSUFFICIENCY.gz
rs6495474,0.0045245226866581,6.86e-10,finngen_R10_COPD_INSUFFICIENCY.gz
rs1371135,0.0045245226866581,5.61e-23,finngen_R10_COPD_INSUFFICIENCY.gz
rs6600191,0.0045245226866581,2.74e-09,finngen_R10_COPD_INSUFFICIENCY.gz
rs7193144,0.0045245226866581,1.59e-63,finngen_R10_COPD_INSUFFICIENCY.gz
rs244420,0.0045245226866581,3.4e-18,finngen_R10_COPD_INSUFFICIENCY.gz
rs889512,0.0045245226866581,4.58e-21,finngen_R10_COPD_INSUFFICIENCY.gz
rs2927307,0.0045245226866581,1.99e-12,finngen_R10_COPD_INSUFFICIENCY.gz
rs2278524,0.0045245226866581,5.76e-15,finngen_R10_COPD_INSUFFICIENCY.gz
rs2429244,0.0045245226866581,4.44e-09,finngen_R10_COPD_INSUFFICIENCY.gz
rs11651755,0.0045245226866581,3.8999999999999994e-23,finngen_R10_COPD_INSUFFICIENCY.gz
rs302864,0.0045245226866581,2.23e-09,finngen_R10_COPD_INSUFFICIENCY.gz
rs72845888,0.0045245226866581,3.26e-10,finngen_R10_COPD_INSUFFICIENCY.gz
rs11658220,0.0045245226866581,2.78e-09,finngen_R10_COPD_INSUFFICIENCY.gz
rs9948462,0.0045245226866581,5.29e-11,finngen_R10_COPD_INSUFFICIENCY.gz
rs891387,0.0045245226866581,1.61e-11,finngen_R10_COPD_INSUFFICIENCY.gz
rs11663816,0.0045245226866581,3.53e-17,finngen_R10_COPD_INSUFFICIENCY.gz
rs71353381,0.0045245226866581,6.78e-10,finngen_R10_COPD_INSUFFICIENCY.gz
rs3786901,0.0045245226866581,8.91e-14,finngen_R10_COPD_INSUFFICIENCY.gz
rs10406431,0.0045245226866581,1.8899999999999998e-24,finngen_R10_COPD_INSUFFICIENCY.gz
rs927742,0.0045245226866581,4.09e-09,finngen_R10_COPD_INSUFFICIENCY.gz
rs6683792,0.0045245226866581,1.03e-11,finngen_R10_COPD_INSUFFICIENCY.gz
rs16826000,0.0045245226866581,8.580000000000001e-21,finngen_R10_COPD_INSUFFICIENCY.gz
rs12089749,0.0045245226866581,4.04e-20,finngen_R10_COPD_INSUFFICIENCY.gz
rs12140153,0.0045245226866581,4.19e-10,finngen_R10_COPD_INSUFFICIENCY.gz
rs12036036,0.0045245226866581,3.52e-11,finngen_R10_COPD_INSUFFICIENCY.gz
rs1546924,0.0045245226866581,1.59e-09,finngen_R10_COPD_INSUFFICIENCY.gz
rs1127655,0.0045245226866581,1.42e-11,finngen_R10_COPD_INSUFFICIENCY.gz
rs630372,0.0045245226866581,1.58e-09,finngen_R10_COPD_INSUFFICIENCY.gz
rs2075423,0.0045245226866581,2.41e-21,finngen_R10_COPD_INSUFFICIENCY.gz
rs1415293,0.0045245226866581,2.81e-14,finngen_R10_COPD_INSUFFICIENCY.gz
rs1749578,0.0045245226866581,3.99e-12,finngen_R10_COPD_INSUFFICIENCY.gz
rs6048110,0.0045245226866581,1.44e-10,finngen_R10_COPD_INSUFFICIENCY.gz
rs2626562,0.0045245226866581,2.79e-10,finngen_R10_COPD_INSUFFICIENCY.gz
rs2144908,0.0045245226866581,5.37e-16,finngen_R10_COPD_INSUFFICIENCY.gz
rs55966194,0.0045245226866581,4.52e-19,finngen_R10_COPD_INSUFFICIENCY.gz
rs6012876,0.0045245226866581,5.78e-13,finngen_R10_COPD_INSUFFICIENCY.gz
rs6011155,0.0045245226866581,1.17e-15,finngen_R10_COPD_INSUFFICIENCY.gz
rs9637192,0.0045245226866581,5.41e-10,finngen_R10_COPD_INSUFFICIENCY.gz
rs111280202,0.0045245226866581,8.59e-10,finngen_R10_COPD_INSUFFICIENCY.gz
rs12714415,0.0045245226866581,6.33e-17,finngen_R10_COPD_INSUFFICIENCY.gz
rs7585730,0.0045245226866581,1.76e-11,finngen_R10_COPD_INSUFFICIENCY.gz
rs13408002,0.0045245226866581,6.549999999999999e-30,finngen_R10_COPD_INSUFFICIENCY.gz
rs243019,0.0045245226866581,1.07e-15,finngen_R10_COPD_INSUFFICIENCY.gz
rs12470883,0.0045245226866581,1.41e-17,finngen_R10_COPD_INSUFFICIENCY.gz
rs62146062,0.0045245226866581,1.59e-09,finngen_R10_COPD_INSUFFICIENCY.gz
rs28545614,0.0045245226866581,1.3e-09,finngen_R10_COPD_INSUFFICIENCY.gz
rs10169613,0.0045245226866581,4.5e-11,finngen_R10_COPD_INSUFFICIENCY.gz
rs12617662,0.0045245226866581,1.92e-18,finngen_R10_COPD_INSUFFICIENCY.gz
rs1355421,0.0045245226866581,3.58e-11,finngen_R10_COPD_INSUFFICIENCY.gz
rs9630985,0.0045245226866581,2.27e-09,finngen_R10_COPD_INSUFFICIENCY.gz
rs10205281,0.0045245226866581,1.3e-13,finngen_R10_COPD_INSUFFICIENCY.gz
rs892513,0.0045245226866581,4.08e-09,finngen_R10_COPD_INSUFFICIENCY.gz
rs2972144,0.0045245226866581,1.8199999999999997e-46,finngen_R10_COPD_INSUFFICIENCY.gz
rs1496653,0.0045245226866581,8.800000000000001e-29,finngen_R10_COPD_INSUFFICIENCY.gz
rs12715421,0.0045245226866581,1.14e-10,finngen_R10_COPD_INSUFFICIENCY.gz
rs9311485,0.0045245226866581,2.3e-12,finngen_R10_COPD_INSUFFICIENCY.gz
rs7640090,0.0045245226866581,9.99e-14,finngen_R10_COPD_INSUFFICIENCY.gz
rs9860730,0.0045245226866581,3.96e-12,finngen_R10_COPD_INSUFFICIENCY.gz
rs9836630,0.0045245226866581,2.64e-11,finngen_R10_COPD_INSUFFICIENCY.gz
rs9857105,0.0045245226866581,6.47e-10,finngen_R10_COPD_INSUFFICIENCY.gz
rs2124500,0.0045245226866581,7.1200000000000005e-43,finngen_R10_COPD_INSUFFICIENCY.gz
rs2178385,0.0045245226866581,8.91e-10,finngen_R10_COPD_INSUFFICIENCY.gz
rs9844972,0.0045245226866581,6.71e-15,finngen_R10_COPD_INSUFFICIENCY.gz
rs4622883,0.0045245226866581,2.04e-13,finngen_R10_COPD_INSUFFICIENCY.gz
rs11925227,0.0045245226866581,2.05e-10,finngen_R10_COPD_INSUFFICIENCY.gz
rs9815642,0.0045245226866581,1.09e-11,finngen_R10_COPD_INSUFFICIENCY.gz
rs11929397,0.0045245226866581,2.88e-75,finngen_R10_COPD_INSUFFICIENCY.gz
rs76034781,0.0045245226866581,4.42e-12,finngen_R10_COPD_INSUFFICIENCY.gz
rs13103357,0.0045245226866581,1.7199999999999998e-48,finngen_R10_COPD_INSUFFICIENCY.gz
rs7662934,0.0045245226866581,3.68e-09,finngen_R10_COPD_INSUFFICIENCY.gz
rs6844902,0.0045245226866581,1.92e-10,finngen_R10_COPD_INSUFFICIENCY.gz
rs993380,0.0045245226866581,1.77e-14,finngen_R10_COPD_INSUFFICIENCY.gz
rs56390365,0.0045245226866581,1.24e-09,finngen_R10_COPD_INSUFFICIENCY.gz
rs769670,0.0045245226866581,9.6e-11,finngen_R10_COPD_INSUFFICIENCY.gz
rs9991574,0.0045245226866581,1.4e-12,finngen_R10_COPD_INSUFFICIENCY.gz
rs3087948,0.0045245226866581,4.52e-14,finngen_R10_COPD_INSUFFICIENCY.gz
rs702634,0.0045245226866581,7.35e-17,finngen_R10_COPD_INSUFFICIENCY.gz
rs463204,0.0045245226866581,4.31e-12,finngen_R10_COPD_INSUFFICIENCY.gz
rs6878122,0.0045245226866581,4.56e-13,finngen_R10_COPD_INSUFFICIENCY.gz
rs1664551,0.0045245226866581,2.08e-09,finngen_R10_COPD_INSUFFICIENCY.gz
rs2304607,0.0045245226866581,1.22e-10,finngen_R10_COPD_INSUFFICIENCY.gz
rs116234738,0.0045245226866581,2.2600000000000002e-26,finngen_R10_COPD_INSUFFICIENCY.gz
rs10440833,0.0045245226866581,7.98e-76,finngen_R10_COPD_INSUFFICIENCY.gz
rs9273368,0.0045245226866581,2.34e-33,finngen_R10_COPD_INSUFFICIENCY.gz
rs9369425,0.0045245226866581,5.1e-11,finngen_R10_COPD_INSUFFICIENCY.gz
rs3798519,0.0045245226866581,5.04e-16,finngen_R10_COPD_INSUFFICIENCY.gz
rs7766794,0.0045245226866581,6.56e-10,finngen_R10_COPD_INSUFFICIENCY.gz
rs719727,0.0045245226866581,2.27e-12,finngen_R10_COPD_INSUFFICIENCY.gz
rs4895598,0.0045245226866581,6.95e-10,finngen_R10_COPD_INSUFFICIENCY.gz
rs624319,0.0045245226866581,4.64e-14,finngen_R10_COPD_INSUFFICIENCY.gz
rs4721089,0.0045245226866581,2.01e-12,finngen_R10_COPD_INSUFFICIENCY.gz
rs10258074,0.0045245226866581,3e-35,finngen_R10_COPD_INSUFFICIENCY.gz
rs10486490,0.0045245226866581,2.91e-09,finngen_R10_COPD_INSUFFICIENCY.gz
rs1635853,0.0045245226866581,3.0399999999999997e-38,finngen_R10_COPD_INSUFFICIENCY.gz
rs1464786,0.0045245226866581,5.37e-10,finngen_R10_COPD_INSUFFICIENCY.gz
rs34324971,0.0045245226866581,4.3e-14,finngen_R10_COPD_INSUFFICIENCY.gz
rs506597,0.0045245226866581,2.85e-09,finngen_R10_COPD_INSUFFICIENCY.gz
rs10244364,0.0045245226866581,1.8e-12,finngen_R10_COPD_INSUFFICIENCY.gz
rs7783857,0.0045245226866581,3.56e-14,finngen_R10_COPD_INSUFFICIENCY.gz
rs7786095,0.0045245226866581,3.46e-15,finngen_R10_COPD_INSUFFICIENCY.gz
rs13260303,0.0045245226866581,1.25e-10,finngen_R10_COPD_INSUFFICIENCY.gz
rs13365225,0.0045245226866581,1.3e-09,finngen_R10_COPD_INSUFFICIENCY.gz
rs10112467,0.0045245226866581,1.51e-09,finngen_R10_COPD_INSUFFICIENCY.gz
rs7845219,0.0045245226866581,1.75e-15,finngen_R10_COPD_INSUFFICIENCY.gz
rs11774700,0.0045245226866581,4.3800000000000005e-43,finngen_R10_COPD_INSUFFICIENCY.gz
rs6475311,0.0045245226866581,1.14e-09,finngen_R10_COPD_INSUFFICIENCY.gz
rs7038553,0.0045245226866581,1.1e-11,finngen_R10_COPD_INSUFFICIENCY.gz
rs17791513,0.0045245226866581,1.43e-14,finngen_R10_COPD_INSUFFICIENCY.gz
rs2796441,0.0045245226866581,3.7e-17,finngen_R10_COPD_INSUFFICIENCY.gz
rs7873130,0.0045245226866581,6.5e-10,finngen_R10_COPD_INSUFFICIENCY.gz
rs10985911,0.0045245226866581,4.79e-10,finngen_R10_COPD_INSUFFICIENCY.gz
rs687289,0.0045245226866581,6.7e-14,finngen_R10_COPD_INSUFFICIENCY.gz
rs7100710,0.0627646936016725,6.62e-27,finngen_R10_COPD_OPPORTUNIST_INFECTIONS.gz
rs4317935,0.0627646936016725,2.43e-10,finngen_R10_COPD_OPPORTUNIST_INFECTIONS.gz
rs12249208,0.0627646936016725,5.75e-12,finngen_R10_COPD_OPPORTUNIST_INFECTIONS.gz
rs10762307,0.0627646936016725,5.73e-12,finngen_R10_COPD_OPPORTUNIST_INFECTIONS.gz
rs810517,0.0627646936016725,1.39e-35,finngen_R10_COPD_OPPORTUNIST_INFECTIONS.gz
rs10887775,0.0627646936016725,7.89e-12,finngen_R10_COPD_OPPORTUNIST_INFECTIONS.gz
rs10882102,0.0627646936016725,1.44e-63,finngen_R10_COPD_OPPORTUNIST_INFECTIONS.gz
rs701814,0.0627646936016725,5.39e-13,finngen_R10_COPD_OPPORTUNIST_INFECTIONS.gz
rs34872471,0.0627646936016725,0.0,finngen_R10_COPD_OPPORTUNIST_INFECTIONS.gz
rs11592174,0.0627646936016725,5.78e-12,finngen_R10_COPD_OPPORTUNIST_INFECTIONS.gz
rs163184,0.0627646936016725,1.16e-43,finngen_R10_COPD_OPPORTUNIST_INFECTIONS.gz
rs1002226,0.0627646936016725,1.34e-20,finngen_R10_COPD_OPPORTUNIST_INFECTIONS.gz
rs1228479,0.0627646936016725,1.54e-10,finngen_R10_COPD_OPPORTUNIST_INFECTIONS.gz
rs16926116,0.0627646936016725,2.51e-11,finngen_R10_COPD_OPPORTUNIST_INFECTIONS.gz
rs2625387,0.0627646936016725,2e-12,finngen_R10_COPD_OPPORTUNIST_INFECTIONS.gz
rs3974686,0.0627646936016725,8.19e-11,finngen_R10_COPD_OPPORTUNIST_INFECTIONS.gz
rs10896012,0.0627646936016725,2.49e-13,finngen_R10_COPD_OPPORTUNIST_INFECTIONS.gz
rs77464186,0.0627646936016725,1.0600000000000001e-21,finngen_R10_COPD_OPPORTUNIST_INFECTIONS.gz
rs11020124,0.0627646936016725,9.29e-22,finngen_R10_COPD_OPPORTUNIST_INFECTIONS.gz
rs67232546,0.0627646936016725,2.42e-11,finngen_R10_COPD_OPPORTUNIST_INFECTIONS.gz
rs55688155,0.0627646936016725,3.01e-09,finngen_R10_COPD_OPPORTUNIST_INFECTIONS.gz
rs12578595,0.0627646936016725,5.58e-14,finngen_R10_COPD_OPPORTUNIST_INFECTIONS.gz
rs12423065,0.0627646936016725,3.54e-09,finngen_R10_COPD_OPPORTUNIST_INFECTIONS.gz
rs2261070,0.0627646936016725,1.3999999999999999e-24,finngen_R10_COPD_OPPORTUNIST_INFECTIONS.gz
rs7956274,0.0627646936016725,3.63e-12,finngen_R10_COPD_OPPORTUNIST_INFECTIONS.gz
rs11111510,0.0627646936016725,3.36e-09,finngen_R10_COPD_OPPORTUNIST_INFECTIONS.gz
rs7965349,0.0627646936016725,2e-17,finngen_R10_COPD_OPPORTUNIST_INFECTIONS.gz
rs825476,0.0627646936016725,3.59e-16,finngen_R10_COPD_OPPORTUNIST_INFECTIONS.gz
rs10507349,0.0627646936016725,2.52e-13,finngen_R10_COPD_OPPORTUNIST_INFECTIONS.gz
rs11839569,0.0627646936016725,1.28e-12,finngen_R10_COPD_OPPORTUNIST_INFECTIONS.gz
rs9788315,0.0627646936016725,3.11e-10,finngen_R10_COPD_OPPORTUNIST_INFECTIONS.gz
rs1327315,0.0627646936016725,8.31e-33,finngen_R10_COPD_OPPORTUNIST_INFECTIONS.gz
rs7987740,0.0627646936016725,2.05e-10,finngen_R10_COPD_OPPORTUNIST_INFECTIONS.gz
rs2183237,0.0627646936016725,2.42e-12,finngen_R10_COPD_OPPORTUNIST_INFECTIONS.gz
rs58231973,0.0627646936016725,6.97e-10,finngen_R10_COPD_OPPORTUNIST_INFECTIONS.gz
rs12431732,0.0627646936016725,9.63e-10,finngen_R10_COPD_OPPORTUNIST_INFECTIONS.gz
rs61995406,0.0627646936016725,1.57e-10,finngen_R10_COPD_OPPORTUNIST_INFECTIONS.gz
rs3783395,0.0627646936016725,2.2e-11,finngen_R10_COPD_OPPORTUNIST_INFECTIONS.gz
rs34715063,0.0627646936016725,2.41e-16,finngen_R10_COPD_OPPORTUNIST_INFECTIONS.gz
rs2289739,0.0627646936016725,2.37e-11,finngen_R10_COPD_OPPORTUNIST_INFECTIONS.gz
rs35609972,0.0627646936016725,4.46e-10,finngen_R10_COPD_OPPORTUNIST_INFECTIONS.gz
rs6494307,0.0627646936016725,8.92e-15,finngen_R10_COPD_OPPORTUNIST_INFECTIONS.gz
rs907381,0.0627646936016725,1.93e-15,finngen_R10_COPD_OPPORTUNIST_INFECTIONS.gz
rs6495474,0.0627646936016725,6.86e-10,finngen_R10_COPD_OPPORTUNIST_INFECTIONS.gz
rs1371135,0.0627646936016725,5.61e-23,finngen_R10_COPD_OPPORTUNIST_INFECTIONS.gz
rs6600191,0.0627646936016725,2.74e-09,finngen_R10_COPD_OPPORTUNIST_INFECTIONS.gz
rs7193144,0.0627646936016725,1.59e-63,finngen_R10_COPD_OPPORTUNIST_INFECTIONS.gz
rs244420,0.0627646936016725,3.4e-18,finngen_R10_COPD_OPPORTUNIST_INFECTIONS.gz
rs889512,0.0627646936016725,4.58e-21,finngen_R10_COPD_OPPORTUNIST_INFECTIONS.gz
rs2927307,0.0627646936016725,1.99e-12,finngen_R10_COPD_OPPORTUNIST_INFECTIONS.gz
rs2278524,0.0627646936016725,5.76e-15,finngen_R10_COPD_OPPORTUNIST_INFECTIONS.gz
rs2429244,0.0627646936016725,4.44e-09,finngen_R10_COPD_OPPORTUNIST_INFECTIONS.gz
rs11651755,0.0627646936016725,3.8999999999999994e-23,finngen_R10_COPD_OPPORTUNIST_INFECTIONS.gz
rs302864,0.0627646936016725,2.23e-09,finngen_R10_COPD_OPPORTUNIST_INFECTIONS.gz
rs72845888,0.0627646936016725,3.26e-10,finngen_R10_COPD_OPPORTUNIST_INFECTIONS.gz
rs11658220,0.0627646936016725,2.78e-09,finngen_R10_COPD_OPPORTUNIST_INFECTIONS.gz
rs9948462,0.0627646936016725,5.29e-11,finngen_R10_COPD_OPPORTUNIST_INFECTIONS.gz
rs891387,0.0627646936016725,1.61e-11,finngen_R10_COPD_OPPORTUNIST_INFECTIONS.gz
rs11663816,0.0627646936016725,3.53e-17,finngen_R10_COPD_OPPORTUNIST_INFECTIONS.gz
rs71353381,0.0627646936016725,6.78e-10,finngen_R10_COPD_OPPORTUNIST_INFECTIONS.gz
rs3786901,0.0627646936016725,8.91e-14,finngen_R10_COPD_OPPORTUNIST_INFECTIONS.gz
rs10406431,0.0627646936016725,1.8899999999999998e-24,finngen_R10_COPD_OPPORTUNIST_INFECTIONS.gz
rs927742,0.0627646936016725,4.09e-09,finngen_R10_COPD_OPPORTUNIST_INFECTIONS.gz
rs6683792,0.0627646936016725,1.03e-11,finngen_R10_COPD_OPPORTUNIST_INFECTIONS.gz
rs16826000,0.0627646936016725,8.580000000000001e-21,finngen_R10_COPD_OPPORTUNIST_INFECTIONS.gz
rs12089749,0.0627646936016725,4.04e-20,finngen_R10_COPD_OPPORTUNIST_INFECTIONS.gz
rs12140153,0.0627646936016725,4.19e-10,finngen_R10_COPD_OPPORTUNIST_INFECTIONS.gz
rs12036036,0.0627646936016725,3.52e-11,finngen_R10_COPD_OPPORTUNIST_INFECTIONS.gz
rs1546924,0.0627646936016725,1.59e-09,finngen_R10_COPD_OPPORTUNIST_INFECTIONS.gz
rs1127655,0.0627646936016725,1.42e-11,finngen_R10_COPD_OPPORTUNIST_INFECTIONS.gz
rs630372,0.0627646936016725,1.58e-09,finngen_R10_COPD_OPPORTUNIST_INFECTIONS.gz
rs2075423,0.0627646936016725,2.41e-21,finngen_R10_COPD_OPPORTUNIST_INFECTIONS.gz
rs1415293,0.0627646936016725,2.81e-14,finngen_R10_COPD_OPPORTUNIST_INFECTIONS.gz
rs1749578,0.0627646936016725,3.99e-12,finngen_R10_COPD_OPPORTUNIST_INFECTIONS.gz
rs6048110,0.0627646936016725,1.44e-10,finngen_R10_COPD_OPPORTUNIST_INFECTIONS.gz
rs2626562,0.0627646936016725,2.79e-10,finngen_R10_COPD_OPPORTUNIST_INFECTIONS.gz
rs2144908,0.0627646936016725,5.37e-16,finngen_R10_COPD_OPPORTUNIST_INFECTIONS.gz
rs55966194,0.0627646936016725,4.52e-19,finngen_R10_COPD_OPPORTUNIST_INFECTIONS.gz
rs6012876,0.0627646936016725,5.78e-13,finngen_R10_COPD_OPPORTUNIST_INFECTIONS.gz
rs6011155,0.0627646936016725,1.17e-15,finngen_R10_COPD_OPPORTUNIST_INFECTIONS.gz
rs9637192,0.0627646936016725,5.41e-10,finngen_R10_COPD_OPPORTUNIST_INFECTIONS.gz
rs111280202,0.0627646936016725,8.59e-10,finngen_R10_COPD_OPPORTUNIST_INFECTIONS.gz
rs12714415,0.0627646936016725,6.33e-17,finngen_R10_COPD_OPPORTUNIST_INFECTIONS.gz
rs7585730,0.0627646936016725,1.76e-11,finngen_R10_COPD_OPPORTUNIST_INFECTIONS.gz
rs13408002,0.0627646936016725,6.549999999999999e-30,finngen_R10_COPD_OPPORTUNIST_INFECTIONS.gz
rs243019,0.0627646936016725,1.07e-15,finngen_R10_COPD_OPPORTUNIST_INFECTIONS.gz
rs12470883,0.0627646936016725,1.41e-17,finngen_R10_COPD_OPPORTUNIST_INFECTIONS.gz
rs62146062,0.0627646936016725,1.59e-09,finngen_R10_COPD_OPPORTUNIST_INFECTIONS.gz
rs28545614,0.0627646936016725,1.3e-09,finngen_R10_COPD_OPPORTUNIST_INFECTIONS.gz
rs10169613,0.0627646936016725,4.5e-11,finngen_R10_COPD_OPPORTUNIST_INFECTIONS.gz
rs12617662,0.0627646936016725,1.92e-18,finngen_R10_COPD_OPPORTUNIST_INFECTIONS.gz
rs1355421,0.0627646936016725,3.58e-11,finngen_R10_COPD_OPPORTUNIST_INFECTIONS.gz
rs9630985,0.0627646936016725,2.27e-09,finngen_R10_COPD_OPPORTUNIST_INFECTIONS.gz
rs10205281,0.0627646936016725,1.3e-13,finngen_R10_COPD_OPPORTUNIST_INFECTIONS.gz
rs892513,0.0627646936016725,4.08e-09,finngen_R10_COPD_OPPORTUNIST_INFECTIONS.gz
rs2972144,0.0627646936016725,1.8199999999999997e-46,finngen_R10_COPD_OPPORTUNIST_INFECTIONS.gz
rs1496653,0.0627646936016725,8.800000000000001e-29,finngen_R10_COPD_OPPORTUNIST_INFECTIONS.gz
rs12715421,0.0627646936016725,1.14e-10,finngen_R10_COPD_OPPORTUNIST_INFECTIONS.gz
rs9311485,0.0627646936016725,2.3e-12,finngen_R10_COPD_OPPORTUNIST_INFECTIONS.gz
rs7640090,0.0627646936016725,9.99e-14,finngen_R10_COPD_OPPORTUNIST_INFECTIONS.gz
rs9860730,0.0627646936016725,3.96e-12,finngen_R10_COPD_OPPORTUNIST_INFECTIONS.gz
rs9836630,0.0627646936016725,2.64e-11,finngen_R10_COPD_OPPORTUNIST_INFECTIONS.gz
rs9857105,0.0627646936016725,6.47e-10,finngen_R10_COPD_OPPORTUNIST_INFECTIONS.gz
rs2124500,0.0627646936016725,7.1200000000000005e-43,finngen_R10_COPD_OPPORTUNIST_INFECTIONS.gz
rs2178385,0.0627646936016725,8.91e-10,finngen_R10_COPD_OPPORTUNIST_INFECTIONS.gz
rs9844972,0.0627646936016725,6.71e-15,finngen_R10_COPD_OPPORTUNIST_INFECTIONS.gz
rs4622883,0.0627646936016725,2.04e-13,finngen_R10_COPD_OPPORTUNIST_INFECTIONS.gz
rs11925227,0.0627646936016725,2.05e-10,finngen_R10_COPD_OPPORTUNIST_INFECTIONS.gz
rs9815642,0.0627646936016725,1.09e-11,finngen_R10_COPD_OPPORTUNIST_INFECTIONS.gz
rs11929397,0.0627646936016725,2.88e-75,finngen_R10_COPD_OPPORTUNIST_INFECTIONS.gz
rs76034781,0.0627646936016725,4.42e-12,finngen_R10_COPD_OPPORTUNIST_INFECTIONS.gz
rs13103357,0.0627646936016725,1.7199999999999998e-48,finngen_R10_COPD_OPPORTUNIST_INFECTIONS.gz
rs7662934,0.0627646936016725,3.68e-09,finngen_R10_COPD_OPPORTUNIST_INFECTIONS.gz
rs6844902,0.0627646936016725,1.92e-10,finngen_R10_COPD_OPPORTUNIST_INFECTIONS.gz
rs993380,0.0627646936016725,1.77e-14,finngen_R10_COPD_OPPORTUNIST_INFECTIONS.gz
rs56390365,0.0627646936016725,1.24e-09,finngen_R10_COPD_OPPORTUNIST_INFECTIONS.gz
rs769670,0.0627646936016725,9.6e-11,finngen_R10_COPD_OPPORTUNIST_INFECTIONS.gz
rs9991574,0.0627646936016725,1.4e-12,finngen_R10_COPD_OPPORTUNIST_INFECTIONS.gz
rs3087948,0.0627646936016725,4.52e-14,finngen_R10_COPD_OPPORTUNIST_INFECTIONS.gz
rs702634,0.0627646936016725,7.35e-17,finngen_R10_COPD_OPPORTUNIST_INFECTIONS.gz
rs463204,0.0627646936016725,4.31e-12,finngen_R10_COPD_OPPORTUNIST_INFECTIONS.gz
rs6878122,0.0627646936016725,4.56e-13,finngen_R10_COPD_OPPORTUNIST_INFECTIONS.gz
rs1664551,0.0627646936016725,2.08e-09,finngen_R10_COPD_OPPORTUNIST_INFECTIONS.gz
rs2304607,0.0627646936016725,1.22e-10,finngen_R10_COPD_OPPORTUNIST_INFECTIONS.gz
rs116234738,0.0627646936016725,2.2600000000000002e-26,finngen_R10_COPD_OPPORTUNIST_INFECTIONS.gz
rs10440833,0.0627646936016725,7.98e-76,finngen_R10_COPD_OPPORTUNIST_INFECTIONS.gz
rs9273368,0.0627646936016725,2.34e-33,finngen_R10_COPD_OPPORTUNIST_INFECTIONS.gz
rs9369425,0.0627646936016725,5.1e-11,finngen_R10_COPD_OPPORTUNIST_INFECTIONS.gz
rs3798519,0.0627646936016725,5.04e-16,finngen_R10_COPD_OPPORTUNIST_INFECTIONS.gz
rs7766794,0.0627646936016725,6.56e-10,finngen_R10_COPD_OPPORTUNIST_INFECTIONS.gz
rs719727,0.0627646936016725,2.27e-12,finngen_R10_COPD_OPPORTUNIST_INFECTIONS.gz
rs4895598,0.0627646936016725,6.95e-10,finngen_R10_COPD_OPPORTUNIST_INFECTIONS.gz
rs624319,0.0627646936016725,4.64e-14,finngen_R10_COPD_OPPORTUNIST_INFECTIONS.gz
rs4721089,0.0627646936016725,2.01e-12,finngen_R10_COPD_OPPORTUNIST_INFECTIONS.gz
rs10258074,0.0627646936016725,3e-35,finngen_R10_COPD_OPPORTUNIST_INFECTIONS.gz
rs10486490,0.0627646936016725,2.91e-09,finngen_R10_COPD_OPPORTUNIST_INFECTIONS.gz
rs1635853,0.0627646936016725,3.0399999999999997e-38,finngen_R10_COPD_OPPORTUNIST_INFECTIONS.gz
rs1464786,0.0627646936016725,5.37e-10,finngen_R10_COPD_OPPORTUNIST_INFECTIONS.gz
rs34324971,0.0627646936016725,4.3e-14,finngen_R10_COPD_OPPORTUNIST_INFECTIONS.gz
rs506597,0.0627646936016725,2.85e-09,finngen_R10_COPD_OPPORTUNIST_INFECTIONS.gz
rs10244364,0.0627646936016725,1.8e-12,finngen_R10_COPD_OPPORTUNIST_INFECTIONS.gz
rs7783857,0.0627646936016725,3.56e-14,finngen_R10_COPD_OPPORTUNIST_INFECTIONS.gz
rs7786095,0.0627646936016725,3.46e-15,finngen_R10_COPD_OPPORTUNIST_INFECTIONS.gz
rs13260303,0.0627646936016725,1.25e-10,finngen_R10_COPD_OPPORTUNIST_INFECTIONS.gz
rs13365225,0.0627646936016725,1.3e-09,finngen_R10_COPD_OPPORTUNIST_INFECTIONS.gz
rs10112467,0.0627646936016725,1.51e-09,finngen_R10_COPD_OPPORTUNIST_INFECTIONS.gz
rs7845219,0.0627646936016725,1.75e-15,finngen_R10_COPD_OPPORTUNIST_INFECTIONS.gz
rs11774700,0.0627646936016725,4.3800000000000005e-43,finngen_R10_COPD_OPPORTUNIST_INFECTIONS.gz
rs6475311,0.0627646936016725,1.14e-09,finngen_R10_COPD_OPPORTUNIST_INFECTIONS.gz
rs7038553,0.0627646936016725,1.1e-11,finngen_R10_COPD_OPPORTUNIST_INFECTIONS.gz
rs17791513,0.0627646936016725,1.43e-14,finngen_R10_COPD_OPPORTUNIST_INFECTIONS.gz
rs2796441,0.0627646936016725,3.7e-17,finngen_R10_COPD_OPPORTUNIST_INFECTIONS.gz
rs7873130,0.0627646936016725,6.5e-10,finngen_R10_COPD_OPPORTUNIST_INFECTIONS.gz
rs10985911,0.0627646936016725,4.79e-10,finngen_R10_COPD_OPPORTUNIST_INFECTIONS.gz
rs687289,0.0627646936016725,6.7e-14,finngen_R10_COPD_OPPORTUNIST_INFECTIONS.gz
rs7100710,0.0548442699962635,6.62e-27,finngen_R10_G6_ALZHEIMER.gz
rs4317935,0.0548442699962635,2.43e-10,finngen_R10_G6_ALZHEIMER.gz
rs12249208,0.0548442699962635,5.75e-12,finngen_R10_G6_ALZHEIMER.gz
rs10762307,0.0548442699962635,5.73e-12,finngen_R10_G6_ALZHEIMER.gz
rs810517,0.0548442699962635,1.39e-35,finngen_R10_G6_ALZHEIMER.gz
rs10887775,0.0548442699962635,7.89e-12,finngen_R10_G6_ALZHEIMER.gz
rs10882102,0.0548442699962635,1.44e-63,finngen_R10_G6_ALZHEIMER.gz
rs701814,0.0548442699962635,5.39e-13,finngen_R10_G6_ALZHEIMER.gz
rs34872471,0.0548442699962635,0.0,finngen_R10_G6_ALZHEIMER.gz
rs11592174,0.0548442699962635,5.78e-12,finngen_R10_G6_ALZHEIMER.gz
rs163184,0.0548442699962635,1.16e-43,finngen_R10_G6_ALZHEIMER.gz
rs1002226,0.0548442699962635,1.34e-20,finngen_R10_G6_ALZHEIMER.gz
rs1228479,0.0548442699962635,1.54e-10,finngen_R10_G6_ALZHEIMER.gz
rs16926116,0.0548442699962635,2.51e-11,finngen_R10_G6_ALZHEIMER.gz
rs2625387,0.0548442699962635,2e-12,finngen_R10_G6_ALZHEIMER.gz
rs3974686,0.0548442699962635,8.19e-11,finngen_R10_G6_ALZHEIMER.gz
rs10896012,0.0548442699962635,2.49e-13,finngen_R10_G6_ALZHEIMER.gz
rs77464186,0.0548442699962635,1.0600000000000001e-21,finngen_R10_G6_ALZHEIMER.gz
rs11020124,0.0548442699962635,9.29e-22,finngen_R10_G6_ALZHEIMER.gz
rs67232546,0.0548442699962635,2.42e-11,finngen_R10_G6_ALZHEIMER.gz
rs55688155,0.0548442699962635,3.01e-09,finngen_R10_G6_ALZHEIMER.gz
rs12578595,0.0548442699962635,5.58e-14,finngen_R10_G6_ALZHEIMER.gz
rs12423065,0.0548442699962635,3.54e-09,finngen_R10_G6_ALZHEIMER.gz
rs2261070,0.0548442699962635,1.3999999999999999e-24,finngen_R10_G6_ALZHEIMER.gz
rs7956274,0.0548442699962635,3.63e-12,finngen_R10_G6_ALZHEIMER.gz
rs11111510,0.0548442699962635,3.36e-09,finngen_R10_G6_ALZHEIMER.gz
rs7965349,0.0548442699962635,2e-17,finngen_R10_G6_ALZHEIMER.gz
rs825476,0.0548442699962635,3.59e-16,finngen_R10_G6_ALZHEIMER.gz
rs10507349,0.0548442699962635,2.52e-13,finngen_R10_G6_ALZHEIMER.gz
rs11839569,0.0548442699962635,1.28e-12,finngen_R10_G6_ALZHEIMER.gz
rs9788315,0.0548442699962635,3.11e-10,finngen_R10_G6_ALZHEIMER.gz
rs1327315,0.0548442699962635,8.31e-33,finngen_R10_G6_ALZHEIMER.gz
rs7987740,0.0548442699962635,2.05e-10,finngen_R10_G6_ALZHEIMER.gz
rs2183237,0.0548442699962635,2.42e-12,finngen_R10_G6_ALZHEIMER.gz
rs58231973,0.0548442699962635,6.97e-10,finngen_R10_G6_ALZHEIMER.gz
rs12431732,0.0548442699962635,9.63e-10,finngen_R10_G6_ALZHEIMER.gz
rs61995406,0.0548442699962635,1.57e-10,finngen_R10_G6_ALZHEIMER.gz
rs3783395,0.0548442699962635,2.2e-11,finngen_R10_G6_ALZHEIMER.gz
rs34715063,0.0548442699962635,2.41e-16,finngen_R10_G6_ALZHEIMER.gz
rs2289739,0.0548442699962635,2.37e-11,finngen_R10_G6_ALZHEIMER.gz
rs35609972,0.0548442699962635,4.46e-10,finngen_R10_G6_ALZHEIMER.gz
rs6494307,0.0548442699962635,8.92e-15,finngen_R10_G6_ALZHEIMER.gz
rs907381,0.0548442699962635,1.93e-15,finngen_R10_G6_ALZHEIMER.gz
rs6495474,0.0548442699962635,6.86e-10,finngen_R10_G6_ALZHEIMER.gz
rs1371135,0.0548442699962635,5.61e-23,finngen_R10_G6_ALZHEIMER.gz
rs6600191,0.0548442699962635,2.74e-09,finngen_R10_G6_ALZHEIMER.gz
rs7193144,0.0548442699962635,1.59e-63,finngen_R10_G6_ALZHEIMER.gz
rs244420,0.0548442699962635,3.4e-18,finngen_R10_G6_ALZHEIMER.gz
rs889512,0.0548442699962635,4.58e-21,finngen_R10_G6_ALZHEIMER.gz
rs2927307,0.0548442699962635,1.99e-12,finngen_R10_G6_ALZHEIMER.gz
rs2278524,0.0548442699962635,5.76e-15,finngen_R10_G6_ALZHEIMER.gz
rs2429244,0.0548442699962635,4.44e-09,finngen_R10_G6_ALZHEIMER.gz
rs11651755,0.0548442699962635,3.8999999999999994e-23,finngen_R10_G6_ALZHEIMER.gz
rs302864,0.0548442699962635,2.23e-09,finngen_R10_G6_ALZHEIMER.gz
rs72845888,0.0548442699962635,3.26e-10,finngen_R10_G6_ALZHEIMER.gz
rs11658220,0.0548442699962635,2.78e-09,finngen_R10_G6_ALZHEIMER.gz
rs9948462,0.0548442699962635,5.29e-11,finngen_R10_G6_ALZHEIMER.gz
rs891387,0.0548442699962635,1.61e-11,finngen_R10_G6_ALZHEIMER.gz
rs11663816,0.0548442699962635,3.53e-17,finngen_R10_G6_ALZHEIMER.gz
rs71353381,0.0548442699962635,6.78e-10,finngen_R10_G6_ALZHEIMER.gz
rs3786901,0.0548442699962635,8.91e-14,finngen_R10_G6_ALZHEIMER.gz
rs10406431,0.0548442699962635,1.8899999999999998e-24,finngen_R10_G6_ALZHEIMER.gz
rs927742,0.0548442699962635,4.09e-09,finngen_R10_G6_ALZHEIMER.gz
rs6683792,0.0548442699962635,1.03e-11,finngen_R10_G6_ALZHEIMER.gz
rs16826000,0.0548442699962635,8.580000000000001e-21,finngen_R10_G6_ALZHEIMER.gz
rs12089749,0.0548442699962635,4.04e-20,finngen_R10_G6_ALZHEIMER.gz
rs12140153,0.0548442699962635,4.19e-10,finngen_R10_G6_ALZHEIMER.gz
rs12036036,0.0548442699962635,3.52e-11,finngen_R10_G6_ALZHEIMER.gz
rs1546924,0.0548442699962635,1.59e-09,finngen_R10_G6_ALZHEIMER.gz
rs1127655,0.0548442699962635,1.42e-11,finngen_R10_G6_ALZHEIMER.gz
rs630372,0.0548442699962635,1.58e-09,finngen_R10_G6_ALZHEIMER.gz
rs2075423,0.0548442699962635,2.41e-21,finngen_R10_G6_ALZHEIMER.gz
rs1415293,0.0548442699962635,2.81e-14,finngen_R10_G6_ALZHEIMER.gz
rs1749578,0.0548442699962635,3.99e-12,finngen_R10_G6_ALZHEIMER.gz
rs6048110,0.0548442699962635,1.44e-10,finngen_R10_G6_ALZHEIMER.gz
rs2626562,0.0548442699962635,2.79e-10,finngen_R10_G6_ALZHEIMER.gz
rs2144908,0.0548442699962635,5.37e-16,finngen_R10_G6_ALZHEIMER.gz
rs55966194,0.0548442699962635,4.52e-19,finngen_R10_G6_ALZHEIMER.gz
rs6012876,0.0548442699962635,5.78e-13,finngen_R10_G6_ALZHEIMER.gz
rs6011155,0.0548442699962635,1.17e-15,finngen_R10_G6_ALZHEIMER.gz
rs9637192,0.0548442699962635,5.41e-10,finngen_R10_G6_ALZHEIMER.gz
rs111280202,0.0548442699962635,8.59e-10,finngen_R10_G6_ALZHEIMER.gz
rs12714415,0.0548442699962635,6.33e-17,finngen_R10_G6_ALZHEIMER.gz
rs7585730,0.0548442699962635,1.76e-11,finngen_R10_G6_ALZHEIMER.gz
rs13408002,0.0548442699962635,6.549999999999999e-30,finngen_R10_G6_ALZHEIMER.gz
rs243019,0.0548442699962635,1.07e-15,finngen_R10_G6_ALZHEIMER.gz
rs12470883,0.0548442699962635,1.41e-17,finngen_R10_G6_ALZHEIMER.gz
rs62146062,0.0548442699962635,1.59e-09,finngen_R10_G6_ALZHEIMER.gz
rs28545614,0.0548442699962635,1.3e-09,finngen_R10_G6_ALZHEIMER.gz
rs10169613,0.0548442699962635,4.5e-11,finngen_R10_G6_ALZHEIMER.gz
rs12617662,0.0548442699962635,1.92e-18,finngen_R10_G6_ALZHEIMER.gz
rs1355421,0.0548442699962635,3.58e-11,finngen_R10_G6_ALZHEIMER.gz
rs9630985,0.0548442699962635,2.27e-09,finngen_R10_G6_ALZHEIMER.gz
rs10205281,0.0548442699962635,1.3e-13,finngen_R10_G6_ALZHEIMER.gz
rs892513,0.0548442699962635,4.08e-09,finngen_R10_G6_ALZHEIMER.gz
rs2972144,0.0548442699962635,1.8199999999999997e-46,finngen_R10_G6_ALZHEIMER.gz
rs1496653,0.0548442699962635,8.800000000000001e-29,finngen_R10_G6_ALZHEIMER.gz
rs12715421,0.0548442699962635,1.14e-10,finngen_R10_G6_ALZHEIMER.gz
rs9311485,0.0548442699962635,2.3e-12,finngen_R10_G6_ALZHEIMER.gz
rs7640090,0.0548442699962635,9.99e-14,finngen_R10_G6_ALZHEIMER.gz
rs9860730,0.0548442699962635,3.96e-12,finngen_R10_G6_ALZHEIMER.gz
rs9836630,0.0548442699962635,2.64e-11,finngen_R10_G6_ALZHEIMER.gz
rs9857105,0.0548442699962635,6.47e-10,finngen_R10_G6_ALZHEIMER.gz
rs2124500,0.0548442699962635,7.1200000000000005e-43,finngen_R10_G6_ALZHEIMER.gz
rs2178385,0.0548442699962635,8.91e-10,finngen_R10_G6_ALZHEIMER.gz
rs9844972,0.0548442699962635,6.71e-15,finngen_R10_G6_ALZHEIMER.gz
rs4622883,0.0548442699962635,2.04e-13,finngen_R10_G6_ALZHEIMER.gz
rs11925227,0.0548442699962635,2.05e-10,finngen_R10_G6_ALZHEIMER.gz
rs9815642,0.0548442699962635,1.09e-11,finngen_R10_G6_ALZHEIMER.gz
rs11929397,0.0548442699962635,2.88e-75,finngen_R10_G6_ALZHEIMER.gz
rs76034781,0.0548442699962635,4.42e-12,finngen_R10_G6_ALZHEIMER.gz
rs13103357,0.0548442699962635,1.7199999999999998e-48,finngen_R10_G6_ALZHEIMER.gz
rs7662934,0.0548442699962635,3.68e-09,finngen_R10_G6_ALZHEIMER.gz
rs6844902,0.0548442699962635,1.92e-10,finngen_R10_G6_ALZHEIMER.gz
rs993380,0.0548442699962635,1.77e-14,finngen_R10_G6_ALZHEIMER.gz
rs56390365,0.0548442699962635,1.24e-09,finngen_R10_G6_ALZHEIMER.gz
rs769670,0.0548442699962635,9.6e-11,finngen_R10_G6_ALZHEIMER.gz
rs9991574,0.0548442699962635,1.4e-12,finngen_R10_G6_ALZHEIMER.gz
rs3087948,0.0548442699962635,4.52e-14,finngen_R10_G6_ALZHEIMER.gz
rs702634,0.0548442699962635,7.35e-17,finngen_R10_G6_ALZHEIMER.gz
rs463204,0.0548442699962635,4.31e-12,finngen_R10_G6_ALZHEIMER.gz
rs6878122,0.0548442699962635,4.56e-13,finngen_R10_G6_ALZHEIMER.gz
rs1664551,0.0548442699962635,2.08e-09,finngen_R10_G6_ALZHEIMER.gz
rs2304607,0.0548442699962635,1.22e-10,finngen_R10_G6_ALZHEIMER.gz
rs116234738,0.0548442699962635,2.2600000000000002e-26,finngen_R10_G6_ALZHEIMER.gz
rs10440833,0.0548442699962635,7.98e-76,finngen_R10_G6_ALZHEIMER.gz
rs9273368,0.0548442699962635,2.34e-33,finngen_R10_G6_ALZHEIMER.gz
rs9369425,0.0548442699962635,5.1e-11,finngen_R10_G6_ALZHEIMER.gz
rs3798519,0.0548442699962635,5.04e-16,finngen_R10_G6_ALZHEIMER.gz
rs7766794,0.0548442699962635,6.56e-10,finngen_R10_G6_ALZHEIMER.gz
rs719727,0.0548442699962635,2.27e-12,finngen_R10_G6_ALZHEIMER.gz
rs4895598,0.0548442699962635,6.95e-10,finngen_R10_G6_ALZHEIMER.gz
rs624319,0.0548442699962635,4.64e-14,finngen_R10_G6_ALZHEIMER.gz
rs4721089,0.0548442699962635,2.01e-12,finngen_R10_G6_ALZHEIMER.gz
rs10258074,0.0548442699962635,3e-35,finngen_R10_G6_ALZHEIMER.gz
rs10486490,0.0548442699962635,2.91e-09,finngen_R10_G6_ALZHEIMER.gz
rs1635853,0.0548442699962635,3.0399999999999997e-38,finngen_R10_G6_ALZHEIMER.gz
rs1464786,0.0548442699962635,5.37e-10,finngen_R10_G6_ALZHEIMER.gz
rs34324971,0.0548442699962635,4.3e-14,finngen_R10_G6_ALZHEIMER.gz
rs506597,0.0548442699962635,2.85e-09,finngen_R10_G6_ALZHEIMER.gz
rs10244364,0.0548442699962635,1.8e-12,finngen_R10_G6_ALZHEIMER.gz
rs7783857,0.0548442699962635,3.56e-14,finngen_R10_G6_ALZHEIMER.gz
rs7786095,0.0548442699962635,3.46e-15,finngen_R10_G6_ALZHEIMER.gz
rs13260303,0.0548442699962635,1.25e-10,finngen_R10_G6_ALZHEIMER.gz
rs13365225,0.0548442699962635,1.3e-09,finngen_R10_G6_ALZHEIMER.gz
rs10112467,0.0548442699962635,1.51e-09,finngen_R10_G6_ALZHEIMER.gz
rs7845219,0.0548442699962635,1.75e-15,finngen_R10_G6_ALZHEIMER.gz
rs11774700,0.0548442699962635,4.3800000000000005e-43,finngen_R10_G6_ALZHEIMER.gz
rs6475311,0.0548442699962635,1.14e-09,finngen_R10_G6_ALZHEIMER.gz
rs7038553,0.0548442699962635,1.1e-11,finngen_R10_G6_ALZHEIMER.gz
rs17791513,0.0548442699962635,1.43e-14,finngen_R10_G6_ALZHEIMER.gz
rs2796441,0.0548442699962635,3.7e-17,finngen_R10_G6_ALZHEIMER.gz
rs7873130,0.0548442699962635,6.5e-10,finngen_R10_G6_ALZHEIMER.gz
rs10985911,0.0548442699962635,4.79e-10,finngen_R10_G6_ALZHEIMER.gz
rs687289,0.0548442699962635,6.7e-14,finngen_R10_G6_ALZHEIMER.gz
rs7100710,0.0589274550267056,6.62e-27,finngen_R10_I9_HEARTFAIL_AND_OVERWEIGHT.gz
rs4317935,0.0589274550267056,2.43e-10,finngen_R10_I9_HEARTFAIL_AND_OVERWEIGHT.gz
rs12249208,0.0589274550267056,5.75e-12,finngen_R10_I9_HEARTFAIL_AND_OVERWEIGHT.gz
rs10762307,0.0589274550267056,5.73e-12,finngen_R10_I9_HEARTFAIL_AND_OVERWEIGHT.gz
rs810517,0.0589274550267056,1.39e-35,finngen_R10_I9_HEARTFAIL_AND_OVERWEIGHT.gz
rs10887775,0.0589274550267056,7.89e-12,finngen_R10_I9_HEARTFAIL_AND_OVERWEIGHT.gz
rs10882102,0.0589274550267056,1.44e-63,finngen_R10_I9_HEARTFAIL_AND_OVERWEIGHT.gz
rs701814,0.0589274550267056,5.39e-13,finngen_R10_I9_HEARTFAIL_AND_OVERWEIGHT.gz
rs34872471,0.0589274550267056,0.0,finngen_R10_I9_HEARTFAIL_AND_OVERWEIGHT.gz
rs11592174,0.0589274550267056,5.78e-12,finngen_R10_I9_HEARTFAIL_AND_OVERWEIGHT.gz
rs163184,0.0589274550267056,1.16e-43,finngen_R10_I9_HEARTFAIL_AND_OVERWEIGHT.gz
rs1002226,0.0589274550267056,1.34e-20,finngen_R10_I9_HEARTFAIL_AND_OVERWEIGHT.gz
rs1228479,0.0589274550267056,1.54e-10,finngen_R10_I9_HEARTFAIL_AND_OVERWEIGHT.gz
rs16926116,0.0589274550267056,2.51e-11,finngen_R10_I9_HEARTFAIL_AND_OVERWEIGHT.gz
rs2625387,0.0589274550267056,2e-12,finngen_R10_I9_HEARTFAIL_AND_OVERWEIGHT.gz
rs3974686,0.0589274550267056,8.19e-11,finngen_R10_I9_HEARTFAIL_AND_OVERWEIGHT.gz
rs10896012,0.0589274550267056,2.49e-13,finngen_R10_I9_HEARTFAIL_AND_OVERWEIGHT.gz
rs77464186,0.0589274550267056,1.0600000000000001e-21,finngen_R10_I9_HEARTFAIL_AND_OVERWEIGHT.gz
rs11020124,0.0589274550267056,9.29e-22,finngen_R10_I9_HEARTFAIL_AND_OVERWEIGHT.gz
rs67232546,0.0589274550267056,2.42e-11,finngen_R10_I9_HEARTFAIL_AND_OVERWEIGHT.gz
rs55688155,0.0589274550267056,3.01e-09,finngen_R10_I9_HEARTFAIL_AND_OVERWEIGHT.gz
rs12578595,0.0589274550267056,5.58e-14,finngen_R10_I9_HEARTFAIL_AND_OVERWEIGHT.gz
rs12423065,0.0589274550267056,3.54e-09,finngen_R10_I9_HEARTFAIL_AND_OVERWEIGHT.gz
rs2261070,0.0589274550267056,1.3999999999999999e-24,finngen_R10_I9_HEARTFAIL_AND_OVERWEIGHT.gz
rs7956274,0.0589274550267056,3.63e-12,finngen_R10_I9_HEARTFAIL_AND_OVERWEIGHT.gz
rs11111510,0.0589274550267056,3.36e-09,finngen_R10_I9_HEARTFAIL_AND_OVERWEIGHT.gz
rs7965349,0.0589274550267056,2e-17,finngen_R10_I9_HEARTFAIL_AND_OVERWEIGHT.gz
rs825476,0.0589274550267056,3.59e-16,finngen_R10_I9_HEARTFAIL_AND_OVERWEIGHT.gz
rs10507349,0.0589274550267056,2.52e-13,finngen_R10_I9_HEARTFAIL_AND_OVERWEIGHT.gz
rs11839569,0.0589274550267056,1.28e-12,finngen_R10_I9_HEARTFAIL_AND_OVERWEIGHT.gz
rs9788315,0.0589274550267056,3.11e-10,finngen_R10_I9_HEARTFAIL_AND_OVERWEIGHT.gz
rs1327315,0.0589274550267056,8.31e-33,finngen_R10_I9_HEARTFAIL_AND_OVERWEIGHT.gz
rs7987740,0.0589274550267056,2.05e-10,finngen_R10_I9_HEARTFAIL_AND_OVERWEIGHT.gz
rs2183237,0.0589274550267056,2.42e-12,finngen_R10_I9_HEARTFAIL_AND_OVERWEIGHT.gz
rs58231973,0.0589274550267056,6.97e-10,finngen_R10_I9_HEARTFAIL_AND_OVERWEIGHT.gz
rs12431732,0.0589274550267056,9.63e-10,finngen_R10_I9_HEARTFAIL_AND_OVERWEIGHT.gz
rs61995406,0.0589274550267056,1.57e-10,finngen_R10_I9_HEARTFAIL_AND_OVERWEIGHT.gz
rs3783395,0.0589274550267056,2.2e-11,finngen_R10_I9_HEARTFAIL_AND_OVERWEIGHT.gz
rs34715063,0.0589274550267056,2.41e-16,finngen_R10_I9_HEARTFAIL_AND_OVERWEIGHT.gz
rs2289739,0.0589274550267056,2.37e-11,finngen_R10_I9_HEARTFAIL_AND_OVERWEIGHT.gz
rs35609972,0.0589274550267056,4.46e-10,finngen_R10_I9_HEARTFAIL_AND_OVERWEIGHT.gz
rs6494307,0.0589274550267056,8.92e-15,finngen_R10_I9_HEARTFAIL_AND_OVERWEIGHT.gz
rs907381,0.0589274550267056,1.93e-15,finngen_R10_I9_HEARTFAIL_AND_OVERWEIGHT.gz
rs6495474,0.0589274550267056,6.86e-10,finngen_R10_I9_HEARTFAIL_AND_OVERWEIGHT.gz
rs1371135,0.0589274550267056,5.61e-23,finngen_R10_I9_HEARTFAIL_AND_OVERWEIGHT.gz
rs6600191,0.0589274550267056,2.74e-09,finngen_R10_I9_HEARTFAIL_AND_OVERWEIGHT.gz
rs7193144,0.0589274550267056,1.59e-63,finngen_R10_I9_HEARTFAIL_AND_OVERWEIGHT.gz
rs244420,0.0589274550267056,3.4e-18,finngen_R10_I9_HEARTFAIL_AND_OVERWEIGHT.gz
rs889512,0.0589274550267056,4.58e-21,finngen_R10_I9_HEARTFAIL_AND_OVERWEIGHT.gz
rs2927307,0.0589274550267056,1.99e-12,finngen_R10_I9_HEARTFAIL_AND_OVERWEIGHT.gz
rs2278524,0.0589274550267056,5.76e-15,finngen_R10_I9_HEARTFAIL_AND_OVERWEIGHT.gz
rs2429244,0.0589274550267056,4.44e-09,finngen_R10_I9_HEARTFAIL_AND_OVERWEIGHT.gz
rs11651755,0.0589274550267056,3.8999999999999994e-23,finngen_R10_I9_HEARTFAIL_AND_OVERWEIGHT.gz
rs302864,0.0589274550267056,2.23e-09,finngen_R10_I9_HEARTFAIL_AND_OVERWEIGHT.gz
rs72845888,0.0589274550267056,3.26e-10,finngen_R10_I9_HEARTFAIL_AND_OVERWEIGHT.gz
rs11658220,0.0589274550267056,2.78e-09,finngen_R10_I9_HEARTFAIL_AND_OVERWEIGHT.gz
rs9948462,0.0589274550267056,5.29e-11,finngen_R10_I9_HEARTFAIL_AND_OVERWEIGHT.gz
rs891387,0.0589274550267056,1.61e-11,finngen_R10_I9_HEARTFAIL_AND_OVERWEIGHT.gz
rs11663816,0.0589274550267056,3.53e-17,finngen_R10_I9_HEARTFAIL_AND_OVERWEIGHT.gz
rs71353381,0.0589274550267056,6.78e-10,finngen_R10_I9_HEARTFAIL_AND_OVERWEIGHT.gz
rs3786901,0.0589274550267056,8.91e-14,finngen_R10_I9_HEARTFAIL_AND_OVERWEIGHT.gz
rs10406431,0.0589274550267056,1.8899999999999998e-24,finngen_R10_I9_HEARTFAIL_AND_OVERWEIGHT.gz
rs927742,0.0589274550267056,4.09e-09,finngen_R10_I9_HEARTFAIL_AND_OVERWEIGHT.gz
rs6683792,0.0589274550267056,1.03e-11,finngen_R10_I9_HEARTFAIL_AND_OVERWEIGHT.gz
rs16826000,0.0589274550267056,8.580000000000001e-21,finngen_R10_I9_HEARTFAIL_AND_OVERWEIGHT.gz
rs12089749,0.0589274550267056,4.04e-20,finngen_R10_I9_HEARTFAIL_AND_OVERWEIGHT.gz
rs12140153,0.0589274550267056,4.19e-10,finngen_R10_I9_HEARTFAIL_AND_OVERWEIGHT.gz
rs12036036,0.0589274550267056,3.52e-11,finngen_R10_I9_HEARTFAIL_AND_OVERWEIGHT.gz
rs1546924,0.0589274550267056,1.59e-09,finngen_R10_I9_HEARTFAIL_AND_OVERWEIGHT.gz
rs1127655,0.0589274550267056,1.42e-11,finngen_R10_I9_HEARTFAIL_AND_OVERWEIGHT.gz
rs630372,0.0589274550267056,1.58e-09,finngen_R10_I9_HEARTFAIL_AND_OVERWEIGHT.gz
rs2075423,0.0589274550267056,2.41e-21,finngen_R10_I9_HEARTFAIL_AND_OVERWEIGHT.gz
rs1415293,0.0589274550267056,2.81e-14,finngen_R10_I9_HEARTFAIL_AND_OVERWEIGHT.gz
rs1749578,0.0589274550267056,3.99e-12,finngen_R10_I9_HEARTFAIL_AND_OVERWEIGHT.gz
rs6048110,0.0589274550267056,1.44e-10,finngen_R10_I9_HEARTFAIL_AND_OVERWEIGHT.gz
rs2626562,0.0589274550267056,2.79e-10,finngen_R10_I9_HEARTFAIL_AND_OVERWEIGHT.gz
rs2144908,0.0589274550267056,5.37e-16,finngen_R10_I9_HEARTFAIL_AND_OVERWEIGHT.gz
rs55966194,0.0589274550267056,4.52e-19,finngen_R10_I9_HEARTFAIL_AND_OVERWEIGHT.gz
rs6012876,0.0589274550267056,5.78e-13,finngen_R10_I9_HEARTFAIL_AND_OVERWEIGHT.gz
rs6011155,0.0589274550267056,1.17e-15,finngen_R10_I9_HEARTFAIL_AND_OVERWEIGHT.gz
rs9637192,0.0589274550267056,5.41e-10,finngen_R10_I9_HEARTFAIL_AND_OVERWEIGHT.gz
rs111280202,0.0589274550267056,8.59e-10,finngen_R10_I9_HEARTFAIL_AND_OVERWEIGHT.gz
rs12714415,0.0589274550267056,6.33e-17,finngen_R10_I9_HEARTFAIL_AND_OVERWEIGHT.gz
rs7585730,0.0589274550267056,1.76e-11,finngen_R10_I9_HEARTFAIL_AND_OVERWEIGHT.gz
rs13408002,0.0589274550267056,6.549999999999999e-30,finngen_R10_I9_HEARTFAIL_AND_OVERWEIGHT.gz
rs243019,0.0589274550267056,1.07e-15,finngen_R10_I9_HEARTFAIL_AND_OVERWEIGHT.gz
rs12470883,0.0589274550267056,1.41e-17,finngen_R10_I9_HEARTFAIL_AND_OVERWEIGHT.gz
rs62146062,0.0589274550267056,1.59e-09,finngen_R10_I9_HEARTFAIL_AND_OVERWEIGHT.gz
rs28545614,0.0589274550267056,1.3e-09,finngen_R10_I9_HEARTFAIL_AND_OVERWEIGHT.gz
rs10169613,0.0589274550267056,4.5e-11,finngen_R10_I9_HEARTFAIL_AND_OVERWEIGHT.gz
rs12617662,0.0589274550267056,1.92e-18,finngen_R10_I9_HEARTFAIL_AND_OVERWEIGHT.gz
rs1355421,0.0589274550267056,3.58e-11,finngen_R10_I9_HEARTFAIL_AND_OVERWEIGHT.gz
rs9630985,0.0589274550267056,2.27e-09,finngen_R10_I9_HEARTFAIL_AND_OVERWEIGHT.gz
rs10205281,0.0589274550267056,1.3e-13,finngen_R10_I9_HEARTFAIL_AND_OVERWEIGHT.gz
rs892513,0.0589274550267056,4.08e-09,finngen_R10_I9_HEARTFAIL_AND_OVERWEIGHT.gz
rs2972144,0.0589274550267056,1.8199999999999997e-46,finngen_R10_I9_HEARTFAIL_AND_OVERWEIGHT.gz
rs1496653,0.0589274550267056,8.800000000000001e-29,finngen_R10_I9_HEARTFAIL_AND_OVERWEIGHT.gz
rs12715421,0.0589274550267056,1.14e-10,finngen_R10_I9_HEARTFAIL_AND_OVERWEIGHT.gz
rs9311485,0.0589274550267056,2.3e-12,finngen_R10_I9_HEARTFAIL_AND_OVERWEIGHT.gz
rs7640090,0.0589274550267056,9.99e-14,finngen_R10_I9_HEARTFAIL_AND_OVERWEIGHT.gz
rs9860730,0.0589274550267056,3.96e-12,finngen_R10_I9_HEARTFAIL_AND_OVERWEIGHT.gz
rs9836630,0.0589274550267056,2.64e-11,finngen_R10_I9_HEARTFAIL_AND_OVERWEIGHT.gz
rs9857105,0.0589274550267056,6.47e-10,finngen_R10_I9_HEARTFAIL_AND_OVERWEIGHT.gz
rs2124500,0.0589274550267056,7.1200000000000005e-43,finngen_R10_I9_HEARTFAIL_AND_OVERWEIGHT.gz
rs2178385,0.0589274550267056,8.91e-10,finngen_R10_I9_HEARTFAIL_AND_OVERWEIGHT.gz
rs9844972,0.0589274550267056,6.71e-15,finngen_R10_I9_HEARTFAIL_AND_OVERWEIGHT.gz
rs4622883,0.0589274550267056,2.04e-13,finngen_R10_I9_HEARTFAIL_AND_OVERWEIGHT.gz
rs11925227,0.0589274550267056,2.05e-10,finngen_R10_I9_HEARTFAIL_AND_OVERWEIGHT.gz
rs9815642,0.0589274550267056,1.09e-11,finngen_R10_I9_HEARTFAIL_AND_OVERWEIGHT.gz
rs11929397,0.0589274550267056,2.88e-75,finngen_R10_I9_HEARTFAIL_AND_OVERWEIGHT.gz
rs76034781,0.0589274550267056,4.42e-12,finngen_R10_I9_HEARTFAIL_AND_OVERWEIGHT.gz
rs13103357,0.0589274550267056,1.7199999999999998e-48,finngen_R10_I9_HEARTFAIL_AND_OVERWEIGHT.gz
rs7662934,0.0589274550267056,3.68e-09,finngen_R10_I9_HEARTFAIL_AND_OVERWEIGHT.gz
rs6844902,0.0589274550267056,1.92e-10,finngen_R10_I9_HEARTFAIL_AND_OVERWEIGHT.gz
rs993380,0.0589274550267056,1.77e-14,finngen_R10_I9_HEARTFAIL_AND_OVERWEIGHT.gz
rs56390365,0.0589274550267056,1.24e-09,finngen_R10_I9_HEARTFAIL_AND_OVERWEIGHT.gz
rs769670,0.0589274550267056,9.6e-11,finngen_R10_I9_HEARTFAIL_AND_OVERWEIGHT.gz
rs9991574,0.0589274550267056,1.4e-12,finngen_R10_I9_HEARTFAIL_AND_OVERWEIGHT.gz
rs3087948,0.0589274550267056,4.52e-14,finngen_R10_I9_HEARTFAIL_AND_OVERWEIGHT.gz
rs702634,0.0589274550267056,7.35e-17,finngen_R10_I9_HEARTFAIL_AND_OVERWEIGHT.gz
rs463204,0.0589274550267056,4.31e-12,finngen_R10_I9_HEARTFAIL_AND_OVERWEIGHT.gz
rs6878122,0.0589274550267056,4.56e-13,finngen_R10_I9_HEARTFAIL_AND_OVERWEIGHT.gz
rs1664551,0.0589274550267056,2.08e-09,finngen_R10_I9_HEARTFAIL_AND_OVERWEIGHT.gz
rs2304607,0.0589274550267056,1.22e-10,finngen_R10_I9_HEARTFAIL_AND_OVERWEIGHT.gz
rs116234738,0.0589274550267056,2.2600000000000002e-26,finngen_R10_I9_HEARTFAIL_AND_OVERWEIGHT.gz
rs10440833,0.0589274550267056,7.98e-76,finngen_R10_I9_HEARTFAIL_AND_OVERWEIGHT.gz
rs9273368,0.0589274550267056,2.34e-33,finngen_R10_I9_HEARTFAIL_AND_OVERWEIGHT.gz
rs9369425,0.0589274550267056,5.1e-11,finngen_R10_I9_HEARTFAIL_AND_OVERWEIGHT.gz
rs3798519,0.0589274550267056,5.04e-16,finngen_R10_I9_HEARTFAIL_AND_OVERWEIGHT.gz
rs7766794,0.0589274550267056,6.56e-10,finngen_R10_I9_HEARTFAIL_AND_OVERWEIGHT.gz
rs719727,0.0589274550267056,2.27e-12,finngen_R10_I9_HEARTFAIL_AND_OVERWEIGHT.gz
rs4895598,0.0589274550267056,6.95e-10,finngen_R10_I9_HEARTFAIL_AND_OVERWEIGHT.gz
rs624319,0.0589274550267056,4.64e-14,finngen_R10_I9_HEARTFAIL_AND_OVERWEIGHT.gz
rs4721089,0.0589274550267056,2.01e-12,finngen_R10_I9_HEARTFAIL_AND_OVERWEIGHT.gz
rs10258074,0.0589274550267056,3e-35,finngen_R10_I9_HEARTFAIL_AND_OVERWEIGHT.gz
rs10486490,0.0589274550267056,2.91e-09,finngen_R10_I9_HEARTFAIL_AND_OVERWEIGHT.gz
rs1635853,0.0589274550267056,3.0399999999999997e-38,finngen_R10_I9_HEARTFAIL_AND_OVERWEIGHT.gz
rs1464786,0.0589274550267056,5.37e-10,finngen_R10_I9_HEARTFAIL_AND_OVERWEIGHT.gz
rs34324971,0.0589274550267056,4.3e-14,finngen_R10_I9_HEARTFAIL_AND_OVERWEIGHT.gz
rs506597,0.0589274550267056,2.85e-09,finngen_R10_I9_HEARTFAIL_AND_OVERWEIGHT.gz
rs10244364,0.0589274550267056,1.8e-12,finngen_R10_I9_HEARTFAIL_AND_OVERWEIGHT.gz
rs7783857,0.0589274550267056,3.56e-14,finngen_R10_I9_HEARTFAIL_AND_OVERWEIGHT.gz
rs7786095,0.0589274550267056,3.46e-15,finngen_R10_I9_HEARTFAIL_AND_OVERWEIGHT.gz
rs13260303,0.0589274550267056,1.25e-10,finngen_R10_I9_HEARTFAIL_AND_OVERWEIGHT.gz
rs13365225,0.0589274550267056,1.3e-09,finngen_R10_I9_HEARTFAIL_AND_OVERWEIGHT.gz
rs10112467,0.0589274550267056,1.51e-09,finngen_R10_I9_HEARTFAIL_AND_OVERWEIGHT.gz
rs7845219,0.0589274550267056,1.75e-15,finngen_R10_I9_HEARTFAIL_AND_OVERWEIGHT.gz
rs11774700,0.0589274550267056,4.3800000000000005e-43,finngen_R10_I9_HEARTFAIL_AND_OVERWEIGHT.gz
rs6475311,0.0589274550267056,1.14e-09,finngen_R10_I9_HEARTFAIL_AND_OVERWEIGHT.gz
rs7038553,0.0589274550267056,1.1e-11,finngen_R10_I9_HEARTFAIL_AND_OVERWEIGHT.gz
rs17791513,0.0589274550267056,1.43e-14,finngen_R10_I9_HEARTFAIL_AND_OVERWEIGHT.gz
rs2796441,0.0589274550267056,3.7e-17,finngen_R10_I9_HEARTFAIL_AND_OVERWEIGHT.gz
rs7873130,0.0589274550267056,6.5e-10,finngen_R10_I9_HEARTFAIL_AND_OVERWEIGHT.gz
rs10985911,0.0589274550267056,4.79e-10,finngen_R10_I9_HEARTFAIL_AND_OVERWEIGHT.gz
rs687289,0.0589274550267056,6.7e-14,finngen_R10_I9_HEARTFAIL_AND_OVERWEIGHT.gz
rs7100710,0.0557324704974058,6.62e-27,finngen_R10_I9_HEARTFAIL.gz
rs4317935,0.0557324704974058,2.43e-10,finngen_R10_I9_HEARTFAIL.gz
rs12249208,0.0557324704974058,5.75e-12,finngen_R10_I9_HEARTFAIL.gz
rs10762307,0.0557324704974058,5.73e-12,finngen_R10_I9_HEARTFAIL.gz
rs810517,0.0557324704974058,1.39e-35,finngen_R10_I9_HEARTFAIL.gz
rs10887775,0.0557324704974058,7.89e-12,finngen_R10_I9_HEARTFAIL.gz
rs10882102,0.0557324704974058,1.44e-63,finngen_R10_I9_HEARTFAIL.gz
rs701814,0.0557324704974058,5.39e-13,finngen_R10_I9_HEARTFAIL.gz
rs34872471,0.0557324704974058,0.0,finngen_R10_I9_HEARTFAIL.gz
rs11592174,0.0557324704974058,5.78e-12,finngen_R10_I9_HEARTFAIL.gz
rs163184,0.0557324704974058,1.16e-43,finngen_R10_I9_HEARTFAIL.gz
rs1002226,0.0557324704974058,1.34e-20,finngen_R10_I9_HEARTFAIL.gz
rs1228479,0.0557324704974058,1.54e-10,finngen_R10_I9_HEARTFAIL.gz
rs16926116,0.0557324704974058,2.51e-11,finngen_R10_I9_HEARTFAIL.gz
rs2625387,0.0557324704974058,2e-12,finngen_R10_I9_HEARTFAIL.gz
rs3974686,0.0557324704974058,8.19e-11,finngen_R10_I9_HEARTFAIL.gz
rs10896012,0.0557324704974058,2.49e-13,finngen_R10_I9_HEARTFAIL.gz
rs77464186,0.0557324704974058,1.0600000000000001e-21,finngen_R10_I9_HEARTFAIL.gz
rs11020124,0.0557324704974058,9.29e-22,finngen_R10_I9_HEARTFAIL.gz
rs67232546,0.0557324704974058,2.42e-11,finngen_R10_I9_HEARTFAIL.gz
rs55688155,0.0557324704974058,3.01e-09,finngen_R10_I9_HEARTFAIL.gz
rs12578595,0.0557324704974058,5.58e-14,finngen_R10_I9_HEARTFAIL.gz
rs12423065,0.0557324704974058,3.54e-09,finngen_R10_I9_HEARTFAIL.gz
rs2261070,0.0557324704974058,1.3999999999999999e-24,finngen_R10_I9_HEARTFAIL.gz
rs7956274,0.0557324704974058,3.63e-12,finngen_R10_I9_HEARTFAIL.gz
rs11111510,0.0557324704974058,3.36e-09,finngen_R10_I9_HEARTFAIL.gz
rs7965349,0.0557324704974058,2e-17,finngen_R10_I9_HEARTFAIL.gz
rs825476,0.0557324704974058,3.59e-16,finngen_R10_I9_HEARTFAIL.gz
rs10507349,0.0557324704974058,2.52e-13,finngen_R10_I9_HEARTFAIL.gz
rs11839569,0.0557324704974058,1.28e-12,finngen_R10_I9_HEARTFAIL.gz
rs9788315,0.0557324704974058,3.11e-10,finngen_R10_I9_HEARTFAIL.gz
rs1327315,0.0557324704974058,8.31e-33,finngen_R10_I9_HEARTFAIL.gz
rs7987740,0.0557324704974058,2.05e-10,finngen_R10_I9_HEARTFAIL.gz
rs2183237,0.0557324704974058,2.42e-12,finngen_R10_I9_HEARTFAIL.gz
rs58231973,0.0557324704974058,6.97e-10,finngen_R10_I9_HEARTFAIL.gz
rs12431732,0.0557324704974058,9.63e-10,finngen_R10_I9_HEARTFAIL.gz
rs61995406,0.0557324704974058,1.57e-10,finngen_R10_I9_HEARTFAIL.gz
rs3783395,0.0557324704974058,2.2e-11,finngen_R10_I9_HEARTFAIL.gz
rs34715063,0.0557324704974058,2.41e-16,finngen_R10_I9_HEARTFAIL.gz
rs2289739,0.0557324704974058,2.37e-11,finngen_R10_I9_HEARTFAIL.gz
rs35609972,0.0557324704974058,4.46e-10,finngen_R10_I9_HEARTFAIL.gz
rs6494307,0.0557324704974058,8.92e-15,finngen_R10_I9_HEARTFAIL.gz
rs907381,0.0557324704974058,1.93e-15,finngen_R10_I9_HEARTFAIL.gz
rs6495474,0.0557324704974058,6.86e-10,finngen_R10_I9_HEARTFAIL.gz
rs1371135,0.0557324704974058,5.61e-23,finngen_R10_I9_HEARTFAIL.gz
rs6600191,0.0557324704974058,2.74e-09,finngen_R10_I9_HEARTFAIL.gz
rs7193144,0.0557324704974058,1.59e-63,finngen_R10_I9_HEARTFAIL.gz
rs244420,0.0557324704974058,3.4e-18,finngen_R10_I9_HEARTFAIL.gz
rs889512,0.0557324704974058,4.58e-21,finngen_R10_I9_HEARTFAIL.gz
rs2927307,0.0557324704974058,1.99e-12,finngen_R10_I9_HEARTFAIL.gz
rs2278524,0.0557324704974058,5.76e-15,finngen_R10_I9_HEARTFAIL.gz
rs2429244,0.0557324704974058,4.44e-09,finngen_R10_I9_HEARTFAIL.gz
rs11651755,0.0557324704974058,3.8999999999999994e-23,finngen_R10_I9_HEARTFAIL.gz
rs302864,0.0557324704974058,2.23e-09,finngen_R10_I9_HEARTFAIL.gz
rs72845888,0.0557324704974058,3.26e-10,finngen_R10_I9_HEARTFAIL.gz
rs11658220,0.0557324704974058,2.78e-09,finngen_R10_I9_HEARTFAIL.gz
rs9948462,0.0557324704974058,5.29e-11,finngen_R10_I9_HEARTFAIL.gz
rs891387,0.0557324704974058,1.61e-11,finngen_R10_I9_HEARTFAIL.gz
rs11663816,0.0557324704974058,3.53e-17,finngen_R10_I9_HEARTFAIL.gz
rs71353381,0.0557324704974058,6.78e-10,finngen_R10_I9_HEARTFAIL.gz
rs3786901,0.0557324704974058,8.91e-14,finngen_R10_I9_HEARTFAIL.gz
rs10406431,0.0557324704974058,1.8899999999999998e-24,finngen_R10_I9_HEARTFAIL.gz
rs927742,0.0557324704974058,4.09e-09,finngen_R10_I9_HEARTFAIL.gz
rs6683792,0.0557324704974058,1.03e-11,finngen_R10_I9_HEARTFAIL.gz
rs16826000,0.0557324704974058,8.580000000000001e-21,finngen_R10_I9_HEARTFAIL.gz
rs12089749,0.0557324704974058,4.04e-20,finngen_R10_I9_HEARTFAIL.gz
rs12140153,0.0557324704974058,4.19e-10,finngen_R10_I9_HEARTFAIL.gz
rs12036036,0.0557324704974058,3.52e-11,finngen_R10_I9_HEARTFAIL.gz
rs1546924,0.0557324704974058,1.59e-09,finngen_R10_I9_HEARTFAIL.gz
rs1127655,0.0557324704974058,1.42e-11,finngen_R10_I9_HEARTFAIL.gz
rs630372,0.0557324704974058,1.58e-09,finngen_R10_I9_HEARTFAIL.gz
rs2075423,0.0557324704974058,2.41e-21,finngen_R10_I9_HEARTFAIL.gz
rs1415293,0.0557324704974058,2.81e-14,finngen_R10_I9_HEARTFAIL.gz
rs1749578,0.0557324704974058,3.99e-12,finngen_R10_I9_HEARTFAIL.gz
rs6048110,0.0557324704974058,1.44e-10,finngen_R10_I9_HEARTFAIL.gz
rs2626562,0.0557324704974058,2.79e-10,finngen_R10_I9_HEARTFAIL.gz
rs2144908,0.0557324704974058,5.37e-16,finngen_R10_I9_HEARTFAIL.gz
rs55966194,0.0557324704974058,4.52e-19,finngen_R10_I9_HEARTFAIL.gz
rs6012876,0.0557324704974058,5.78e-13,finngen_R10_I9_HEARTFAIL.gz
rs6011155,0.0557324704974058,1.17e-15,finngen_R10_I9_HEARTFAIL.gz
rs9637192,0.0557324704974058,5.41e-10,finngen_R10_I9_HEARTFAIL.gz
rs111280202,0.0557324704974058,8.59e-10,finngen_R10_I9_HEARTFAIL.gz
rs12714415,0.0557324704974058,6.33e-17,finngen_R10_I9_HEARTFAIL.gz
rs7585730,0.0557324704974058,1.76e-11,finngen_R10_I9_HEARTFAIL.gz
rs13408002,0.0557324704974058,6.549999999999999e-30,finngen_R10_I9_HEARTFAIL.gz
rs243019,0.0557324704974058,1.07e-15,finngen_R10_I9_HEARTFAIL.gz
rs12470883,0.0557324704974058,1.41e-17,finngen_R10_I9_HEARTFAIL.gz
rs62146062,0.0557324704974058,1.59e-09,finngen_R10_I9_HEARTFAIL.gz
rs28545614,0.0557324704974058,1.3e-09,finngen_R10_I9_HEARTFAIL.gz
rs10169613,0.0557324704974058,4.5e-11,finngen_R10_I9_HEARTFAIL.gz
rs12617662,0.0557324704974058,1.92e-18,finngen_R10_I9_HEARTFAIL.gz
rs1355421,0.0557324704974058,3.58e-11,finngen_R10_I9_HEARTFAIL.gz
rs9630985,0.0557324704974058,2.27e-09,finngen_R10_I9_HEARTFAIL.gz
rs10205281,0.0557324704974058,1.3e-13,finngen_R10_I9_HEARTFAIL.gz
rs892513,0.0557324704974058,4.08e-09,finngen_R10_I9_HEARTFAIL.gz
rs2972144,0.0557324704974058,1.8199999999999997e-46,finngen_R10_I9_HEARTFAIL.gz
rs1496653,0.0557324704974058,8.800000000000001e-29,finngen_R10_I9_HEARTFAIL.gz
rs12715421,0.0557324704974058,1.14e-10,finngen_R10_I9_HEARTFAIL.gz
rs9311485,0.0557324704974058,2.3e-12,finngen_R10_I9_HEARTFAIL.gz
rs7640090,0.0557324704974058,9.99e-14,finngen_R10_I9_HEARTFAIL.gz
rs9860730,0.0557324704974058,3.96e-12,finngen_R10_I9_HEARTFAIL.gz
rs9836630,0.0557324704974058,2.64e-11,finngen_R10_I9_HEARTFAIL.gz
rs9857105,0.0557324704974058,6.47e-10,finngen_R10_I9_HEARTFAIL.gz
rs2124500,0.0557324704974058,7.1200000000000005e-43,finngen_R10_I9_HEARTFAIL.gz
rs2178385,0.0557324704974058,8.91e-10,finngen_R10_I9_HEARTFAIL.gz
rs9844972,0.0557324704974058,6.71e-15,finngen_R10_I9_HEARTFAIL.gz
rs4622883,0.0557324704974058,2.04e-13,finngen_R10_I9_HEARTFAIL.gz
rs11925227,0.0557324704974058,2.05e-10,finngen_R10_I9_HEARTFAIL.gz
rs9815642,0.0557324704974058,1.09e-11,finngen_R10_I9_HEARTFAIL.gz
rs11929397,0.0557324704974058,2.88e-75,finngen_R10_I9_HEARTFAIL.gz
rs76034781,0.0557324704974058,4.42e-12,finngen_R10_I9_HEARTFAIL.gz
rs13103357,0.0557324704974058,1.7199999999999998e-48,finngen_R10_I9_HEARTFAIL.gz
rs7662934,0.0557324704974058,3.68e-09,finngen_R10_I9_HEARTFAIL.gz
rs6844902,0.0557324704974058,1.92e-10,finngen_R10_I9_HEARTFAIL.gz
rs993380,0.0557324704974058,1.77e-14,finngen_R10_I9_HEARTFAIL.gz
rs56390365,0.0557324704974058,1.24e-09,finngen_R10_I9_HEARTFAIL.gz
rs769670,0.0557324704974058,9.6e-11,finngen_R10_I9_HEARTFAIL.gz
rs9991574,0.0557324704974058,1.4e-12,finngen_R10_I9_HEARTFAIL.gz
rs3087948,0.0557324704974058,4.52e-14,finngen_R10_I9_HEARTFAIL.gz
rs702634,0.0557324704974058,7.35e-17,finngen_R10_I9_HEARTFAIL.gz
rs463204,0.0557324704974058,4.31e-12,finngen_R10_I9_HEARTFAIL.gz
rs6878122,0.0557324704974058,4.56e-13,finngen_R10_I9_HEARTFAIL.gz
rs1664551,0.0557324704974058,2.08e-09,finngen_R10_I9_HEARTFAIL.gz
rs2304607,0.0557324704974058,1.22e-10,finngen_R10_I9_HEARTFAIL.gz
rs116234738,0.0557324704974058,2.2600000000000002e-26,finngen_R10_I9_HEARTFAIL.gz
rs10440833,0.0557324704974058,7.98e-76,finngen_R10_I9_HEARTFAIL.gz
rs9273368,0.0557324704974058,2.34e-33,finngen_R10_I9_HEARTFAIL.gz
rs9369425,0.0557324704974058,5.1e-11,finngen_R10_I9_HEARTFAIL.gz
rs3798519,0.0557324704974058,5.04e-16,finngen_R10_I9_HEARTFAIL.gz
rs7766794,0.0557324704974058,6.56e-10,finngen_R10_I9_HEARTFAIL.gz
rs719727,0.0557324704974058,2.27e-12,finngen_R10_I9_HEARTFAIL.gz
rs4895598,0.0557324704974058,6.95e-10,finngen_R10_I9_HEARTFAIL.gz
rs624319,0.0557324704974058,4.64e-14,finngen_R10_I9_HEARTFAIL.gz
rs4721089,0.0557324704974058,2.01e-12,finngen_R10_I9_HEARTFAIL.gz
rs10258074,0.0557324704974058,3e-35,finngen_R10_I9_HEARTFAIL.gz
rs10486490,0.0557324704974058,2.91e-09,finngen_R10_I9_HEARTFAIL.gz
rs1635853,0.0557324704974058,3.0399999999999997e-38,finngen_R10_I9_HEARTFAIL.gz
rs1464786,0.0557324704974058,5.37e-10,finngen_R10_I9_HEARTFAIL.gz
rs34324971,0.0557324704974058,4.3e-14,finngen_R10_I9_HEARTFAIL.gz
rs506597,0.0557324704974058,2.85e-09,finngen_R10_I9_HEARTFAIL.gz
rs10244364,0.0557324704974058,1.8e-12,finngen_R10_I9_HEARTFAIL.gz
rs7783857,0.0557324704974058,3.56e-14,finngen_R10_I9_HEARTFAIL.gz
rs7786095,0.0557324704974058,3.46e-15,finngen_R10_I9_HEARTFAIL.gz
rs13260303,0.0557324704974058,1.25e-10,finngen_R10_I9_HEARTFAIL.gz
rs13365225,0.0557324704974058,1.3e-09,finngen_R10_I9_HEARTFAIL.gz
rs10112467,0.0557324704974058,1.51e-09,finngen_R10_I9_HEARTFAIL.gz
rs7845219,0.0557324704974058,1.75e-15,finngen_R10_I9_HEARTFAIL.gz
rs11774700,0.0557324704974058,4.3800000000000005e-43,finngen_R10_I9_HEARTFAIL.gz
rs6475311,0.0557324704974058,1.14e-09,finngen_R10_I9_HEARTFAIL.gz
rs7038553,0.0557324704974058,1.1e-11,finngen_R10_I9_HEARTFAIL.gz
rs17791513,0.0557324704974058,1.43e-14,finngen_R10_I9_HEARTFAIL.gz
rs2796441,0.0557324704974058,3.7e-17,finngen_R10_I9_HEARTFAIL.gz
rs7873130,0.0557324704974058,6.5e-10,finngen_R10_I9_HEARTFAIL.gz
rs10985911,0.0557324704974058,4.79e-10,finngen_R10_I9_HEARTFAIL.gz
rs687289,0.0557324704974058,6.7e-14,finngen_R10_I9_HEARTFAIL.gz
rs7100710,0.0826434524429365,6.62e-27,finngen_R10_I9_STR.gz
rs4317935,0.0826434524429365,2.43e-10,finngen_R10_I9_STR.gz
rs12249208,0.0826434524429365,5.75e-12,finngen_R10_I9_STR.gz
rs10762307,0.0826434524429365,5.73e-12,finngen_R10_I9_STR.gz
rs810517,0.0826434524429365,1.39e-35,finngen_R10_I9_STR.gz
rs10887775,0.0826434524429365,7.89e-12,finngen_R10_I9_STR.gz
rs10882102,0.0826434524429365,1.44e-63,finngen_R10_I9_STR.gz
rs701814,0.0826434524429365,5.39e-13,finngen_R10_I9_STR.gz
rs34872471,0.0826434524429365,0.0,finngen_R10_I9_STR.gz
rs11592174,0.0826434524429365,5.78e-12,finngen_R10_I9_STR.gz
rs163184,0.0826434524429365,1.16e-43,finngen_R10_I9_STR.gz
rs1002226,0.0826434524429365,1.34e-20,finngen_R10_I9_STR.gz
rs1228479,0.0826434524429365,1.54e-10,finngen_R10_I9_STR.gz
rs16926116,0.0826434524429365,2.51e-11,finngen_R10_I9_STR.gz
rs2625387,0.0826434524429365,2e-12,finngen_R10_I9_STR.gz
rs3974686,0.0826434524429365,8.19e-11,finngen_R10_I9_STR.gz
rs10896012,0.0826434524429365,2.49e-13,finngen_R10_I9_STR.gz
rs77464186,0.0826434524429365,1.0600000000000001e-21,finngen_R10_I9_STR.gz
rs11020124,0.0826434524429365,9.29e-22,finngen_R10_I9_STR.gz
rs67232546,0.0826434524429365,2.42e-11,finngen_R10_I9_STR.gz
rs55688155,0.0826434524429365,3.01e-09,finngen_R10_I9_STR.gz
rs12578595,0.0826434524429365,5.58e-14,finngen_R10_I9_STR.gz
rs12423065,0.0826434524429365,3.54e-09,finngen_R10_I9_STR.gz
rs2261070,0.0826434524429365,1.3999999999999999e-24,finngen_R10_I9_STR.gz
rs7956274,0.0826434524429365,3.63e-12,finngen_R10_I9_STR.gz
rs11111510,0.0826434524429365,3.36e-09,finngen_R10_I9_STR.gz
rs7965349,0.0826434524429365,2e-17,finngen_R10_I9_STR.gz
rs825476,0.0826434524429365,3.59e-16,finngen_R10_I9_STR.gz
rs10507349,0.0826434524429365,2.52e-13,finngen_R10_I9_STR.gz
rs11839569,0.0826434524429365,1.28e-12,finngen_R10_I9_STR.gz
rs9788315,0.0826434524429365,3.11e-10,finngen_R10_I9_STR.gz
rs1327315,0.0826434524429365,8.31e-33,finngen_R10_I9_STR.gz
rs7987740,0.0826434524429365,2.05e-10,finngen_R10_I9_STR.gz
rs2183237,0.0826434524429365,2.42e-12,finngen_R10_I9_STR.gz
rs58231973,0.0826434524429365,6.97e-10,finngen_R10_I9_STR.gz
rs12431732,0.0826434524429365,9.63e-10,finngen_R10_I9_STR.gz
rs61995406,0.0826434524429365,1.57e-10,finngen_R10_I9_STR.gz
rs3783395,0.0826434524429365,2.2e-11,finngen_R10_I9_STR.gz
rs34715063,0.0826434524429365,2.41e-16,finngen_R10_I9_STR.gz
rs2289739,0.0826434524429365,2.37e-11,finngen_R10_I9_STR.gz
rs35609972,0.0826434524429365,4.46e-10,finngen_R10_I9_STR.gz
rs6494307,0.0826434524429365,8.92e-15,finngen_R10_I9_STR.gz
rs907381,0.0826434524429365,1.93e-15,finngen_R10_I9_STR.gz
rs6495474,0.0826434524429365,6.86e-10,finngen_R10_I9_STR.gz
rs1371135,0.0826434524429365,5.61e-23,finngen_R10_I9_STR.gz
rs6600191,0.0826434524429365,2.74e-09,finngen_R10_I9_STR.gz
rs7193144,0.0826434524429365,1.59e-63,finngen_R10_I9_STR.gz
rs244420,0.0826434524429365,3.4e-18,finngen_R10_I9_STR.gz
rs889512,0.0826434524429365,4.58e-21,finngen_R10_I9_STR.gz
rs2927307,0.0826434524429365,1.99e-12,finngen_R10_I9_STR.gz
rs2278524,0.0826434524429365,5.76e-15,finngen_R10_I9_STR.gz
rs2429244,0.0826434524429365,4.44e-09,finngen_R10_I9_STR.gz
rs11651755,0.0826434524429365,3.8999999999999994e-23,finngen_R10_I9_STR.gz
rs302864,0.0826434524429365,2.23e-09,finngen_R10_I9_STR.gz
rs72845888,0.0826434524429365,3.26e-10,finngen_R10_I9_STR.gz
rs11658220,0.0826434524429365,2.78e-09,finngen_R10_I9_STR.gz
rs9948462,0.0826434524429365,5.29e-11,finngen_R10_I9_STR.gz
rs891387,0.0826434524429365,1.61e-11,finngen_R10_I9_STR.gz
rs11663816,0.0826434524429365,3.53e-17,finngen_R10_I9_STR.gz
rs71353381,0.0826434524429365,6.78e-10,finngen_R10_I9_STR.gz
rs3786901,0.0826434524429365,8.91e-14,finngen_R10_I9_STR.gz
rs10406431,0.0826434524429365,1.8899999999999998e-24,finngen_R10_I9_STR.gz
rs927742,0.0826434524429365,4.09e-09,finngen_R10_I9_STR.gz
rs6683792,0.0826434524429365,1.03e-11,finngen_R10_I9_STR.gz
rs16826000,0.0826434524429365,8.580000000000001e-21,finngen_R10_I9_STR.gz
rs12089749,0.0826434524429365,4.04e-20,finngen_R10_I9_STR.gz
rs12140153,0.0826434524429365,4.19e-10,finngen_R10_I9_STR.gz
rs12036036,0.0826434524429365,3.52e-11,finngen_R10_I9_STR.gz
rs1546924,0.0826434524429365,1.59e-09,finngen_R10_I9_STR.gz
rs1127655,0.0826434524429365,1.42e-11,finngen_R10_I9_STR.gz
rs630372,0.0826434524429365,1.58e-09,finngen_R10_I9_STR.gz
rs2075423,0.0826434524429365,2.41e-21,finngen_R10_I9_STR.gz
rs1415293,0.0826434524429365,2.81e-14,finngen_R10_I9_STR.gz
rs1749578,0.0826434524429365,3.99e-12,finngen_R10_I9_STR.gz
rs6048110,0.0826434524429365,1.44e-10,finngen_R10_I9_STR.gz
rs2626562,0.0826434524429365,2.79e-10,finngen_R10_I9_STR.gz
rs2144908,0.0826434524429365,5.37e-16,finngen_R10_I9_STR.gz
rs55966194,0.0826434524429365,4.52e-19,finngen_R10_I9_STR.gz
rs6012876,0.0826434524429365,5.78e-13,finngen_R10_I9_STR.gz
rs6011155,0.0826434524429365,1.17e-15,finngen_R10_I9_STR.gz
rs9637192,0.0826434524429365,5.41e-10,finngen_R10_I9_STR.gz
rs111280202,0.0826434524429365,8.59e-10,finngen_R10_I9_STR.gz
rs12714415,0.0826434524429365,6.33e-17,finngen_R10_I9_STR.gz
rs7585730,0.0826434524429365,1.76e-11,finngen_R10_I9_STR.gz
rs13408002,0.0826434524429365,6.549999999999999e-30,finngen_R10_I9_STR.gz
rs243019,0.0826434524429365,1.07e-15,finngen_R10_I9_STR.gz
rs12470883,0.0826434524429365,1.41e-17,finngen_R10_I9_STR.gz
rs62146062,0.0826434524429365,1.59e-09,finngen_R10_I9_STR.gz
rs28545614,0.0826434524429365,1.3e-09,finngen_R10_I9_STR.gz
rs10169613,0.0826434524429365,4.5e-11,finngen_R10_I9_STR.gz
rs12617662,0.0826434524429365,1.92e-18,finngen_R10_I9_STR.gz
rs1355421,0.0826434524429365,3.58e-11,finngen_R10_I9_STR.gz
rs9630985,0.0826434524429365,2.27e-09,finngen_R10_I9_STR.gz
rs10205281,0.0826434524429365,1.3e-13,finngen_R10_I9_STR.gz
rs892513,0.0826434524429365,4.08e-09,finngen_R10_I9_STR.gz
rs2972144,0.0826434524429365,1.8199999999999997e-46,finngen_R10_I9_STR.gz
rs1496653,0.0826434524429365,8.800000000000001e-29,finngen_R10_I9_STR.gz
rs12715421,0.0826434524429365,1.14e-10,finngen_R10_I9_STR.gz
rs9311485,0.0826434524429365,2.3e-12,finngen_R10_I9_STR.gz
rs7640090,0.0826434524429365,9.99e-14,finngen_R10_I9_STR.gz
rs9860730,0.0826434524429365,3.96e-12,finngen_R10_I9_STR.gz
rs9836630,0.0826434524429365,2.64e-11,finngen_R10_I9_STR.gz
rs9857105,0.0826434524429365,6.47e-10,finngen_R10_I9_STR.gz
rs2124500,0.0826434524429365,7.1200000000000005e-43,finngen_R10_I9_STR.gz
rs2178385,0.0826434524429365,8.91e-10,finngen_R10_I9_STR.gz
rs9844972,0.0826434524429365,6.71e-15,finngen_R10_I9_STR.gz
rs4622883,0.0826434524429365,2.04e-13,finngen_R10_I9_STR.gz
rs11925227,0.0826434524429365,2.05e-10,finngen_R10_I9_STR.gz
rs9815642,0.0826434524429365,1.09e-11,finngen_R10_I9_STR.gz
rs11929397,0.0826434524429365,2.88e-75,finngen_R10_I9_STR.gz
rs76034781,0.0826434524429365,4.42e-12,finngen_R10_I9_STR.gz
rs13103357,0.0826434524429365,1.7199999999999998e-48,finngen_R10_I9_STR.gz
rs7662934,0.0826434524429365,3.68e-09,finngen_R10_I9_STR.gz
rs6844902,0.0826434524429365,1.92e-10,finngen_R10_I9_STR.gz
rs993380,0.0826434524429365,1.77e-14,finngen_R10_I9_STR.gz
rs56390365,0.0826434524429365,1.24e-09,finngen_R10_I9_STR.gz
rs769670,0.0826434524429365,9.6e-11,finngen_R10_I9_STR.gz
rs9991574,0.0826434524429365,1.4e-12,finngen_R10_I9_STR.gz
rs3087948,0.0826434524429365,4.52e-14,finngen_R10_I9_STR.gz
rs702634,0.0826434524429365,7.35e-17,finngen_R10_I9_STR.gz
rs463204,0.0826434524429365,4.31e-12,finngen_R10_I9_STR.gz
rs6878122,0.0826434524429365,4.56e-13,finngen_R10_I9_STR.gz
rs1664551,0.0826434524429365,2.08e-09,finngen_R10_I9_STR.gz
rs2304607,0.0826434524429365,1.22e-10,finngen_R10_I9_STR.gz
rs116234738,0.0826434524429365,2.2600000000000002e-26,finngen_R10_I9_STR.gz
rs10440833,0.0826434524429365,7.98e-76,finngen_R10_I9_STR.gz
rs9273368,0.0826434524429365,2.34e-33,finngen_R10_I9_STR.gz
rs9369425,0.0826434524429365,5.1e-11,finngen_R10_I9_STR.gz
rs3798519,0.0826434524429365,5.04e-16,finngen_R10_I9_STR.gz
rs7766794,0.0826434524429365,6.56e-10,finngen_R10_I9_STR.gz
rs719727,0.0826434524429365,2.27e-12,finngen_R10_I9_STR.gz
rs4895598,0.0826434524429365,6.95e-10,finngen_R10_I9_STR.gz
rs624319,0.0826434524429365,4.64e-14,finngen_R10_I9_STR.gz
rs4721089,0.0826434524429365,2.01e-12,finngen_R10_I9_STR.gz
rs10258074,0.0826434524429365,3e-35,finngen_R10_I9_STR.gz
rs10486490,0.0826434524429365,2.91e-09,finngen_R10_I9_STR.gz
rs1635853,0.0826434524429365,3.0399999999999997e-38,finngen_R10_I9_STR.gz
rs1464786,0.0826434524429365,5.37e-10,finngen_R10_I9_STR.gz
rs34324971,0.0826434524429365,4.3e-14,finngen_R10_I9_STR.gz
rs506597,0.0826434524429365,2.85e-09,finngen_R10_I9_STR.gz
rs10244364,0.0826434524429365,1.8e-12,finngen_R10_I9_STR.gz
rs7783857,0.0826434524429365,3.56e-14,finngen_R10_I9_STR.gz
rs7786095,0.0826434524429365,3.46e-15,finngen_R10_I9_STR.gz
rs13260303,0.0826434524429365,1.25e-10,finngen_R10_I9_STR.gz
rs13365225,0.0826434524429365,1.3e-09,finngen_R10_I9_STR.gz
rs10112467,0.0826434524429365,1.51e-09,finngen_R10_I9_STR.gz
rs7845219,0.0826434524429365,1.75e-15,finngen_R10_I9_STR.gz
rs11774700,0.0826434524429365,4.3800000000000005e-43,finngen_R10_I9_STR.gz
rs6475311,0.0826434524429365,1.14e-09,finngen_R10_I9_STR.gz
rs7038553,0.0826434524429365,1.1e-11,finngen_R10_I9_STR.gz
rs17791513,0.0826434524429365,1.43e-14,finngen_R10_I9_STR.gz
rs2796441,0.0826434524429365,3.7e-17,finngen_R10_I9_STR.gz
rs7873130,0.0826434524429365,6.5e-10,finngen_R10_I9_STR.gz
rs10985911,0.0826434524429365,4.79e-10,finngen_R10_I9_STR.gz
rs687289,0.0826434524429365,6.7e-14,finngen_R10_I9_STR.gz
rs7100710,0.036623196991048,6.62e-27,finngen_R10_J10_COPD.gz
rs4317935,0.036623196991048,2.43e-10,finngen_R10_J10_COPD.gz
rs12249208,0.036623196991048,5.75e-12,finngen_R10_J10_COPD.gz
rs10762307,0.036623196991048,5.73e-12,finngen_R10_J10_COPD.gz
rs810517,0.036623196991048,1.39e-35,finngen_R10_J10_COPD.gz
rs10887775,0.036623196991048,7.89e-12,finngen_R10_J10_COPD.gz
rs10882102,0.036623196991048,1.44e-63,finngen_R10_J10_COPD.gz
rs701814,0.036623196991048,5.39e-13,finngen_R10_J10_COPD.gz
rs34872471,0.036623196991048,0.0,finngen_R10_J10_COPD.gz
rs11592174,0.036623196991048,5.78e-12,finngen_R10_J10_COPD.gz
rs163184,0.036623196991048,1.16e-43,finngen_R10_J10_COPD.gz
rs1002226,0.036623196991048,1.34e-20,finngen_R10_J10_COPD.gz
rs1228479,0.036623196991048,1.54e-10,finngen_R10_J10_COPD.gz
rs16926116,0.036623196991048,2.51e-11,finngen_R10_J10_COPD.gz
rs2625387,0.036623196991048,2e-12,finngen_R10_J10_COPD.gz
rs3974686,0.036623196991048,8.19e-11,finngen_R10_J10_COPD.gz
rs10896012,0.036623196991048,2.49e-13,finngen_R10_J10_COPD.gz
rs77464186,0.036623196991048,1.0600000000000001e-21,finngen_R10_J10_COPD.gz
rs11020124,0.036623196991048,9.29e-22,finngen_R10_J10_COPD.gz
rs67232546,0.036623196991048,2.42e-11,finngen_R10_J10_COPD.gz
rs55688155,0.036623196991048,3.01e-09,finngen_R10_J10_COPD.gz
rs12578595,0.036623196991048,5.58e-14,finngen_R10_J10_COPD.gz
rs12423065,0.036623196991048,3.54e-09,finngen_R10_J10_COPD.gz
rs2261070,0.036623196991048,1.3999999999999999e-24,finngen_R10_J10_COPD.gz
rs7956274,0.036623196991048,3.63e-12,finngen_R10_J10_COPD.gz
rs11111510,0.036623196991048,3.36e-09,finngen_R10_J10_COPD.gz
rs7965349,0.036623196991048,2e-17,finngen_R10_J10_COPD.gz
rs825476,0.036623196991048,3.59e-16,finngen_R10_J10_COPD.gz
rs10507349,0.036623196991048,2.52e-13,finngen_R10_J10_COPD.gz
rs11839569,0.036623196991048,1.28e-12,finngen_R10_J10_COPD.gz
rs9788315,0.036623196991048,3.11e-10,finngen_R10_J10_COPD.gz
rs1327315,0.036623196991048,8.31e-33,finngen_R10_J10_COPD.gz
rs7987740,0.036623196991048,2.05e-10,finngen_R10_J10_COPD.gz
rs2183237,0.036623196991048,2.42e-12,finngen_R10_J10_COPD.gz
rs58231973,0.036623196991048,6.97e-10,finngen_R10_J10_COPD.gz
rs12431732,0.036623196991048,9.63e-10,finngen_R10_J10_COPD.gz
rs61995406,0.036623196991048,1.57e-10,finngen_R10_J10_COPD.gz
rs3783395,0.036623196991048,2.2e-11,finngen_R10_J10_COPD.gz
rs34715063,0.036623196991048,2.41e-16,finngen_R10_J10_COPD.gz
rs2289739,0.036623196991048,2.37e-11,finngen_R10_J10_COPD.gz
rs35609972,0.036623196991048,4.46e-10,finngen_R10_J10_COPD.gz
rs6494307,0.036623196991048,8.92e-15,finngen_R10_J10_COPD.gz
rs907381,0.036623196991048,1.93e-15,finngen_R10_J10_COPD.gz
rs6495474,0.036623196991048,6.86e-10,finngen_R10_J10_COPD.gz
rs1371135,0.036623196991048,5.61e-23,finngen_R10_J10_COPD.gz
rs6600191,0.036623196991048,2.74e-09,finngen_R10_J10_COPD.gz
rs7193144,0.036623196991048,1.59e-63,finngen_R10_J10_COPD.gz
rs244420,0.036623196991048,3.4e-18,finngen_R10_J10_COPD.gz
rs889512,0.036623196991048,4.58e-21,finngen_R10_J10_COPD.gz
rs2927307,0.036623196991048,1.99e-12,finngen_R10_J10_COPD.gz
rs2278524,0.036623196991048,5.76e-15,finngen_R10_J10_COPD.gz
rs2429244,0.036623196991048,4.44e-09,finngen_R10_J10_COPD.gz
rs11651755,0.036623196991048,3.8999999999999994e-23,finngen_R10_J10_COPD.gz
rs302864,0.036623196991048,2.23e-09,finngen_R10_J10_COPD.gz
rs72845888,0.036623196991048,3.26e-10,finngen_R10_J10_COPD.gz
rs11658220,0.036623196991048,2.78e-09,finngen_R10_J10_COPD.gz
rs9948462,0.036623196991048,5.29e-11,finngen_R10_J10_COPD.gz
rs891387,0.036623196991048,1.61e-11,finngen_R10_J10_COPD.gz
rs11663816,0.036623196991048,3.53e-17,finngen_R10_J10_COPD.gz
rs71353381,0.036623196991048,6.78e-10,finngen_R10_J10_COPD.gz
rs3786901,0.036623196991048,8.91e-14,finngen_R10_J10_COPD.gz
rs10406431,0.036623196991048,1.8899999999999998e-24,finngen_R10_J10_COPD.gz
rs927742,0.036623196991048,4.09e-09,finngen_R10_J10_COPD.gz
rs6683792,0.036623196991048,1.03e-11,finngen_R10_J10_COPD.gz
rs16826000,0.036623196991048,8.580000000000001e-21,finngen_R10_J10_COPD.gz
rs12089749,0.036623196991048,4.04e-20,finngen_R10_J10_COPD.gz
rs12140153,0.036623196991048,4.19e-10,finngen_R10_J10_COPD.gz
rs12036036,0.036623196991048,3.52e-11,finngen_R10_J10_COPD.gz
rs1546924,0.036623196991048,1.59e-09,finngen_R10_J10_COPD.gz
rs1127655,0.036623196991048,1.42e-11,finngen_R10_J10_COPD.gz
rs630372,0.036623196991048,1.58e-09,finngen_R10_J10_COPD.gz
rs2075423,0.036623196991048,2.41e-21,finngen_R10_J10_COPD.gz
rs1415293,0.036623196991048,2.81e-14,finngen_R10_J10_COPD.gz
rs1749578,0.036623196991048,3.99e-12,finngen_R10_J10_COPD.gz
rs6048110,0.036623196991048,1.44e-10,finngen_R10_J10_COPD.gz
rs2626562,0.036623196991048,2.79e-10,finngen_R10_J10_COPD.gz
rs2144908,0.036623196991048,5.37e-16,finngen_R10_J10_COPD.gz
rs55966194,0.036623196991048,4.52e-19,finngen_R10_J10_COPD.gz
rs6012876,0.036623196991048,5.78e-13,finngen_R10_J10_COPD.gz
rs6011155,0.036623196991048,1.17e-15,finngen_R10_J10_COPD.gz
rs9637192,0.036623196991048,5.41e-10,finngen_R10_J10_COPD.gz
rs111280202,0.036623196991048,8.59e-10,finngen_R10_J10_COPD.gz
rs12714415,0.036623196991048,6.33e-17,finngen_R10_J10_COPD.gz
rs7585730,0.036623196991048,1.76e-11,finngen_R10_J10_COPD.gz
rs13408002,0.036623196991048,6.549999999999999e-30,finngen_R10_J10_COPD.gz
rs243019,0.036623196991048,1.07e-15,finngen_R10_J10_COPD.gz
rs12470883,0.036623196991048,1.41e-17,finngen_R10_J10_COPD.gz
rs62146062,0.036623196991048,1.59e-09,finngen_R10_J10_COPD.gz
rs28545614,0.036623196991048,1.3e-09,finngen_R10_J10_COPD.gz
rs10169613,0.036623196991048,4.5e-11,finngen_R10_J10_COPD.gz
rs12617662,0.036623196991048,1.92e-18,finngen_R10_J10_COPD.gz
rs1355421,0.036623196991048,3.58e-11,finngen_R10_J10_COPD.gz
rs9630985,0.036623196991048,2.27e-09,finngen_R10_J10_COPD.gz
rs10205281,0.036623196991048,1.3e-13,finngen_R10_J10_COPD.gz
rs892513,0.036623196991048,4.08e-09,finngen_R10_J10_COPD.gz
rs2972144,0.036623196991048,1.8199999999999997e-46,finngen_R10_J10_COPD.gz
rs1496653,0.036623196991048,8.800000000000001e-29,finngen_R10_J10_COPD.gz
rs12715421,0.036623196991048,1.14e-10,finngen_R10_J10_COPD.gz
rs9311485,0.036623196991048,2.3e-12,finngen_R10_J10_COPD.gz
rs7640090,0.036623196991048,9.99e-14,finngen_R10_J10_COPD.gz
rs9860730,0.036623196991048,3.96e-12,finngen_R10_J10_COPD.gz
rs9836630,0.036623196991048,2.64e-11,finngen_R10_J10_COPD.gz
rs9857105,0.036623196991048,6.47e-10,finngen_R10_J10_COPD.gz
rs2124500,0.036623196991048,7.1200000000000005e-43,finngen_R10_J10_COPD.gz
rs2178385,0.036623196991048,8.91e-10,finngen_R10_J10_COPD.gz
rs9844972,0.036623196991048,6.71e-15,finngen_R10_J10_COPD.gz
rs4622883,0.036623196991048,2.04e-13,finngen_R10_J10_COPD.gz
rs11925227,0.036623196991048,2.05e-10,finngen_R10_J10_COPD.gz
rs9815642,0.036623196991048,1.09e-11,finngen_R10_J10_COPD.gz
rs11929397,0.036623196991048,2.88e-75,finngen_R10_J10_COPD.gz
rs76034781,0.036623196991048,4.42e-12,finngen_R10_J10_COPD.gz
rs13103357,0.036623196991048,1.7199999999999998e-48,finngen_R10_J10_COPD.gz
rs7662934,0.036623196991048,3.68e-09,finngen_R10_J10_COPD.gz
rs6844902,0.036623196991048,1.92e-10,finngen_R10_J10_COPD.gz
rs993380,0.036623196991048,1.77e-14,finngen_R10_J10_COPD.gz
rs56390365,0.036623196991048,1.24e-09,finngen_R10_J10_COPD.gz
rs769670,0.036623196991048,9.6e-11,finngen_R10_J10_COPD.gz
rs9991574,0.036623196991048,1.4e-12,finngen_R10_J10_COPD.gz
rs3087948,0.036623196991048,4.52e-14,finngen_R10_J10_COPD.gz
rs702634,0.036623196991048,7.35e-17,finngen_R10_J10_COPD.gz
rs463204,0.036623196991048,4.31e-12,finngen_R10_J10_COPD.gz
rs6878122,0.036623196991048,4.56e-13,finngen_R10_J10_COPD.gz
rs1664551,0.036623196991048,2.08e-09,finngen_R10_J10_COPD.gz
rs2304607,0.036623196991048,1.22e-10,finngen_R10_J10_COPD.gz
rs116234738,0.036623196991048,2.2600000000000002e-26,finngen_R10_J10_COPD.gz
rs10440833,0.036623196991048,7.98e-76,finngen_R10_J10_COPD.gz
rs9273368,0.036623196991048,2.34e-33,finngen_R10_J10_COPD.gz
rs9369425,0.036623196991048,5.1e-11,finngen_R10_J10_COPD.gz
rs3798519,0.036623196991048,5.04e-16,finngen_R10_J10_COPD.gz
rs7766794,0.036623196991048,6.56e-10,finngen_R10_J10_COPD.gz
rs719727,0.036623196991048,2.27e-12,finngen_R10_J10_COPD.gz
rs4895598,0.036623196991048,6.95e-10,finngen_R10_J10_COPD.gz
rs624319,0.036623196991048,4.64e-14,finngen_R10_J10_COPD.gz
rs4721089,0.036623196991048,2.01e-12,finngen_R10_J10_COPD.gz
rs10258074,0.036623196991048,3e-35,finngen_R10_J10_COPD.gz
rs10486490,0.036623196991048,2.91e-09,finngen_R10_J10_COPD.gz
rs1635853,0.036623196991048,3.0399999999999997e-38,finngen_R10_J10_COPD.gz
rs1464786,0.036623196991048,5.37e-10,finngen_R10_J10_COPD.gz
rs34324971,0.036623196991048,4.3e-14,finngen_R10_J10_COPD.gz
rs506597,0.036623196991048,2.85e-09,finngen_R10_J10_COPD.gz
rs10244364,0.036623196991048,1.8e-12,finngen_R10_J10_COPD.gz
rs7783857,0.036623196991048,3.56e-14,finngen_R10_J10_COPD.gz
rs7786095,0.036623196991048,3.46e-15,finngen_R10_J10_COPD.gz
rs13260303,0.036623196991048,1.25e-10,finngen_R10_J10_COPD.gz
rs13365225,0.036623196991048,1.3e-09,finngen_R10_J10_COPD.gz
rs10112467,0.036623196991048,1.51e-09,finngen_R10_J10_COPD.gz
rs7845219,0.036623196991048,1.75e-15,finngen_R10_J10_COPD.gz
rs11774700,0.036623196991048,4.3800000000000005e-43,finngen_R10_J10_COPD.gz
rs6475311,0.036623196991048,1.14e-09,finngen_R10_J10_COPD.gz
rs7038553,0.036623196991048,1.1e-11,finngen_R10_J10_COPD.gz
rs17791513,0.036623196991048,1.43e-14,finngen_R10_J10_COPD.gz
rs2796441,0.036623196991048,3.7e-17,finngen_R10_J10_COPD.gz
rs7873130,0.036623196991048,6.5e-10,finngen_R10_J10_COPD.gz
rs10985911,0.036623196991048,4.79e-10,finngen_R10_J10_COPD.gz
rs687289,0.036623196991048,6.7e-14,finngen_R10_J10_COPD.gz
rs7100710,-0.0476876763387473,6.62e-27,finngen_R10_K11_IBD_STRICT.gz
rs4317935,-0.0476876763387473,2.43e-10,finngen_R10_K11_IBD_STRICT.gz
rs12249208,-0.0476876763387473,5.75e-12,finngen_R10_K11_IBD_STRICT.gz
rs10762307,-0.0476876763387473,5.73e-12,finngen_R10_K11_IBD_STRICT.gz
rs810517,-0.0476876763387473,1.39e-35,finngen_R10_K11_IBD_STRICT.gz
rs10887775,-0.0476876763387473,7.89e-12,finngen_R10_K11_IBD_STRICT.gz
rs10882102,-0.0476876763387473,1.44e-63,finngen_R10_K11_IBD_STRICT.gz
rs701814,-0.0476876763387473,5.39e-13,finngen_R10_K11_IBD_STRICT.gz
rs34872471,-0.0476876763387473,0.0,finngen_R10_K11_IBD_STRICT.gz
rs11592174,-0.0476876763387473,5.78e-12,finngen_R10_K11_IBD_STRICT.gz
rs163184,-0.0476876763387473,1.16e-43,finngen_R10_K11_IBD_STRICT.gz
rs1002226,-0.0476876763387473,1.34e-20,finngen_R10_K11_IBD_STRICT.gz
rs1228479,-0.0476876763387473,1.54e-10,finngen_R10_K11_IBD_STRICT.gz
rs16926116,-0.0476876763387473,2.51e-11,finngen_R10_K11_IBD_STRICT.gz
rs2625387,-0.0476876763387473,2e-12,finngen_R10_K11_IBD_STRICT.gz
rs3974686,-0.0476876763387473,8.19e-11,finngen_R10_K11_IBD_STRICT.gz
rs10896012,-0.0476876763387473,2.49e-13,finngen_R10_K11_IBD_STRICT.gz
rs77464186,-0.0476876763387473,1.0600000000000001e-21,finngen_R10_K11_IBD_STRICT.gz
rs11020124,-0.0476876763387473,9.29e-22,finngen_R10_K11_IBD_STRICT.gz
rs67232546,-0.0476876763387473,2.42e-11,finngen_R10_K11_IBD_STRICT.gz
rs55688155,-0.0476876763387473,3.01e-09,finngen_R10_K11_IBD_STRICT.gz
rs12578595,-0.0476876763387473,5.58e-14,finngen_R10_K11_IBD_STRICT.gz
rs12423065,-0.0476876763387473,3.54e-09,finngen_R10_K11_IBD_STRICT.gz
rs2261070,-0.0476876763387473,1.3999999999999999e-24,finngen_R10_K11_IBD_STRICT.gz
rs7956274,-0.0476876763387473,3.63e-12,finngen_R10_K11_IBD_STRICT.gz
rs11111510,-0.0476876763387473,3.36e-09,finngen_R10_K11_IBD_STRICT.gz
rs7965349,-0.0476876763387473,2e-17,finngen_R10_K11_IBD_STRICT.gz
rs825476,-0.0476876763387473,3.59e-16,finngen_R10_K11_IBD_STRICT.gz
rs10507349,-0.0476876763387473,2.52e-13,finngen_R10_K11_IBD_STRICT.gz
rs11839569,-0.0476876763387473,1.28e-12,finngen_R10_K11_IBD_STRICT.gz
rs9788315,-0.0476876763387473,3.11e-10,finngen_R10_K11_IBD_STRICT.gz
rs1327315,-0.0476876763387473,8.31e-33,finngen_R10_K11_IBD_STRICT.gz
rs7987740,-0.0476876763387473,2.05e-10,finngen_R10_K11_IBD_STRICT.gz
rs2183237,-0.0476876763387473,2.42e-12,finngen_R10_K11_IBD_STRICT.gz
rs58231973,-0.0476876763387473,6.97e-10,finngen_R10_K11_IBD_STRICT.gz
rs12431732,-0.0476876763387473,9.63e-10,finngen_R10_K11_IBD_STRICT.gz
rs61995406,-0.0476876763387473,1.57e-10,finngen_R10_K11_IBD_STRICT.gz
rs3783395,-0.0476876763387473,2.2e-11,finngen_R10_K11_IBD_STRICT.gz
rs34715063,-0.0476876763387473,2.41e-16,finngen_R10_K11_IBD_STRICT.gz
rs2289739,-0.0476876763387473,2.37e-11,finngen_R10_K11_IBD_STRICT.gz
rs35609972,-0.0476876763387473,4.46e-10,finngen_R10_K11_IBD_STRICT.gz
rs6494307,-0.0476876763387473,8.92e-15,finngen_R10_K11_IBD_STRICT.gz
rs907381,-0.0476876763387473,1.93e-15,finngen_R10_K11_IBD_STRICT.gz
rs6495474,-0.0476876763387473,6.86e-10,finngen_R10_K11_IBD_STRICT.gz
rs1371135,-0.0476876763387473,5.61e-23,finngen_R10_K11_IBD_STRICT.gz
rs6600191,-0.0476876763387473,2.74e-09,finngen_R10_K11_IBD_STRICT.gz
rs7193144,-0.0476876763387473,1.59e-63,finngen_R10_K11_IBD_STRICT.gz
rs244420,-0.0476876763387473,3.4e-18,finngen_R10_K11_IBD_STRICT.gz
rs889512,-0.0476876763387473,4.58e-21,finngen_R10_K11_IBD_STRICT.gz
rs2927307,-0.0476876763387473,1.99e-12,finngen_R10_K11_IBD_STRICT.gz
rs2278524,-0.0476876763387473,5.76e-15,finngen_R10_K11_IBD_STRICT.gz
rs2429244,-0.0476876763387473,4.44e-09,finngen_R10_K11_IBD_STRICT.gz
rs11651755,-0.0476876763387473,3.8999999999999994e-23,finngen_R10_K11_IBD_STRICT.gz
rs302864,-0.0476876763387473,2.23e-09,finngen_R10_K11_IBD_STRICT.gz
rs72845888,-0.0476876763387473,3.26e-10,finngen_R10_K11_IBD_STRICT.gz
rs11658220,-0.0476876763387473,2.78e-09,finngen_R10_K11_IBD_STRICT.gz
rs9948462,-0.0476876763387473,5.29e-11,finngen_R10_K11_IBD_STRICT.gz
rs891387,-0.0476876763387473,1.61e-11,finngen_R10_K11_IBD_STRICT.gz
rs11663816,-0.0476876763387473,3.53e-17,finngen_R10_K11_IBD_STRICT.gz
rs71353381,-0.0476876763387473,6.78e-10,finngen_R10_K11_IBD_STRICT.gz
rs3786901,-0.0476876763387473,8.91e-14,finngen_R10_K11_IBD_STRICT.gz
rs10406431,-0.0476876763387473,1.8899999999999998e-24,finngen_R10_K11_IBD_STRICT.gz
rs927742,-0.0476876763387473,4.09e-09,finngen_R10_K11_IBD_STRICT.gz
rs6683792,-0.0476876763387473,1.03e-11,finngen_R10_K11_IBD_STRICT.gz
rs16826000,-0.0476876763387473,8.580000000000001e-21,finngen_R10_K11_IBD_STRICT.gz
rs12089749,-0.0476876763387473,4.04e-20,finngen_R10_K11_IBD_STRICT.gz
rs12140153,-0.0476876763387473,4.19e-10,finngen_R10_K11_IBD_STRICT.gz
rs12036036,-0.0476876763387473,3.52e-11,finngen_R10_K11_IBD_STRICT.gz
rs1546924,-0.0476876763387473,1.59e-09,finngen_R10_K11_IBD_STRICT.gz
rs1127655,-0.0476876763387473,1.42e-11,finngen_R10_K11_IBD_STRICT.gz
rs630372,-0.0476876763387473,1.58e-09,finngen_R10_K11_IBD_STRICT.gz
rs2075423,-0.0476876763387473,2.41e-21,finngen_R10_K11_IBD_STRICT.gz
rs1415293,-0.0476876763387473,2.81e-14,finngen_R10_K11_IBD_STRICT.gz
rs1749578,-0.0476876763387473,3.99e-12,finngen_R10_K11_IBD_STRICT.gz
rs6048110,-0.0476876763387473,1.44e-10,finngen_R10_K11_IBD_STRICT.gz
rs2626562,-0.0476876763387473,2.79e-10,finngen_R10_K11_IBD_STRICT.gz
rs2144908,-0.0476876763387473,5.37e-16,finngen_R10_K11_IBD_STRICT.gz
rs55966194,-0.0476876763387473,4.52e-19,finngen_R10_K11_IBD_STRICT.gz
rs6012876,-0.0476876763387473,5.78e-13,finngen_R10_K11_IBD_STRICT.gz
rs6011155,-0.0476876763387473,1.17e-15,finngen_R10_K11_IBD_STRICT.gz
rs9637192,-0.0476876763387473,5.41e-10,finngen_R10_K11_IBD_STRICT.gz
rs111280202,-0.0476876763387473,8.59e-10,finngen_R10_K11_IBD_STRICT.gz
rs12714415,-0.0476876763387473,6.33e-17,finngen_R10_K11_IBD_STRICT.gz
rs7585730,-0.0476876763387473,1.76e-11,finngen_R10_K11_IBD_STRICT.gz
rs13408002,-0.0476876763387473,6.549999999999999e-30,finngen_R10_K11_IBD_STRICT.gz
rs243019,-0.0476876763387473,1.07e-15,finngen_R10_K11_IBD_STRICT.gz
rs12470883,-0.0476876763387473,1.41e-17,finngen_R10_K11_IBD_STRICT.gz
rs62146062,-0.0476876763387473,1.59e-09,finngen_R10_K11_IBD_STRICT.gz
rs28545614,-0.0476876763387473,1.3e-09,finngen_R10_K11_IBD_STRICT.gz
rs10169613,-0.0476876763387473,4.5e-11,finngen_R10_K11_IBD_STRICT.gz
rs12617662,-0.0476876763387473,1.92e-18,finngen_R10_K11_IBD_STRICT.gz
rs1355421,-0.0476876763387473,3.58e-11,finngen_R10_K11_IBD_STRICT.gz
rs9630985,-0.0476876763387473,2.27e-09,finngen_R10_K11_IBD_STRICT.gz
rs10205281,-0.0476876763387473,1.3e-13,finngen_R10_K11_IBD_STRICT.gz
rs892513,-0.0476876763387473,4.08e-09,finngen_R10_K11_IBD_STRICT.gz
rs2972144,-0.0476876763387473,1.8199999999999997e-46,finngen_R10_K11_IBD_STRICT.gz
rs1496653,-0.0476876763387473,8.800000000000001e-29,finngen_R10_K11_IBD_STRICT.gz
rs12715421,-0.0476876763387473,1.14e-10,finngen_R10_K11_IBD_STRICT.gz
rs9311485,-0.0476876763387473,2.3e-12,finngen_R10_K11_IBD_STRICT.gz
rs7640090,-0.0476876763387473,9.99e-14,finngen_R10_K11_IBD_STRICT.gz
rs9860730,-0.0476876763387473,3.96e-12,finngen_R10_K11_IBD_STRICT.gz
rs9836630,-0.0476876763387473,2.64e-11,finngen_R10_K11_IBD_STRICT.gz
rs9857105,-0.0476876763387473,6.47e-10,finngen_R10_K11_IBD_STRICT.gz
rs2124500,-0.0476876763387473,7.1200000000000005e-43,finngen_R10_K11_IBD_STRICT.gz
rs2178385,-0.0476876763387473,8.91e-10,finngen_R10_K11_IBD_STRICT.gz
rs9844972,-0.0476876763387473,6.71e-15,finngen_R10_K11_IBD_STRICT.gz
rs4622883,-0.0476876763387473,2.04e-13,finngen_R10_K11_IBD_STRICT.gz
rs11925227,-0.0476876763387473,2.05e-10,finngen_R10_K11_IBD_STRICT.gz
rs9815642,-0.0476876763387473,1.09e-11,finngen_R10_K11_IBD_STRICT.gz
rs11929397,-0.0476876763387473,2.88e-75,finngen_R10_K11_IBD_STRICT.gz
rs76034781,-0.0476876763387473,4.42e-12,finngen_R10_K11_IBD_STRICT.gz
rs13103357,-0.0476876763387473,1.7199999999999998e-48,finngen_R10_K11_IBD_STRICT.gz
rs7662934,-0.0476876763387473,3.68e-09,finngen_R10_K11_IBD_STRICT.gz
rs6844902,-0.0476876763387473,1.92e-10,finngen_R10_K11_IBD_STRICT.gz
rs993380,-0.0476876763387473,1.77e-14,finngen_R10_K11_IBD_STRICT.gz
rs56390365,-0.0476876763387473,1.24e-09,finngen_R10_K11_IBD_STRICT.gz
rs769670,-0.0476876763387473,9.6e-11,finngen_R10_K11_IBD_STRICT.gz
rs9991574,-0.0476876763387473,1.4e-12,finngen_R10_K11_IBD_STRICT.gz
rs3087948,-0.0476876763387473,4.52e-14,finngen_R10_K11_IBD_STRICT.gz
rs702634,-0.0476876763387473,7.35e-17,finngen_R10_K11_IBD_STRICT.gz
rs463204,-0.0476876763387473,4.31e-12,finngen_R10_K11_IBD_STRICT.gz
rs6878122,-0.0476876763387473,4.56e-13,finngen_R10_K11_IBD_STRICT.gz
rs1664551,-0.0476876763387473,2.08e-09,finngen_R10_K11_IBD_STRICT.gz
rs2304607,-0.0476876763387473,1.22e-10,finngen_R10_K11_IBD_STRICT.gz
rs116234738,-0.0476876763387473,2.2600000000000002e-26,finngen_R10_K11_IBD_STRICT.gz
rs10440833,-0.0476876763387473,7.98e-76,finngen_R10_K11_IBD_STRICT.gz
rs9273368,-0.0476876763387473,2.34e-33,finngen_R10_K11_IBD_STRICT.gz
rs9369425,-0.0476876763387473,5.1e-11,finngen_R10_K11_IBD_STRICT.gz
rs3798519,-0.0476876763387473,5.04e-16,finngen_R10_K11_IBD_STRICT.gz
rs7766794,-0.0476876763387473,6.56e-10,finngen_R10_K11_IBD_STRICT.gz
rs719727,-0.0476876763387473,2.27e-12,finngen_R10_K11_IBD_STRICT.gz
rs4895598,-0.0476876763387473,6.95e-10,finngen_R10_K11_IBD_STRICT.gz
rs624319,-0.0476876763387473,4.64e-14,finngen_R10_K11_IBD_STRICT.gz
rs4721089,-0.0476876763387473,2.01e-12,finngen_R10_K11_IBD_STRICT.gz
rs10258074,-0.0476876763387473,3e-35,finngen_R10_K11_IBD_STRICT.gz
rs10486490,-0.0476876763387473,2.91e-09,finngen_R10_K11_IBD_STRICT.gz
rs1635853,-0.0476876763387473,3.0399999999999997e-38,finngen_R10_K11_IBD_STRICT.gz
rs1464786,-0.0476876763387473,5.37e-10,finngen_R10_K11_IBD_STRICT.gz
rs34324971,-0.0476876763387473,4.3e-14,finngen_R10_K11_IBD_STRICT.gz
rs506597,-0.0476876763387473,2.85e-09,finngen_R10_K11_IBD_STRICT.gz
rs10244364,-0.0476876763387473,1.8e-12,finngen_R10_K11_IBD_STRICT.gz
rs7783857,-0.0476876763387473,3.56e-14,finngen_R10_K11_IBD_STRICT.gz
rs7786095,-0.0476876763387473,3.46e-15,finngen_R10_K11_IBD_STRICT.gz
rs13260303,-0.0476876763387473,1.25e-10,finngen_R10_K11_IBD_STRICT.gz
rs13365225,-0.0476876763387473,1.3e-09,finngen_R10_K11_IBD_STRICT.gz
rs10112467,-0.0476876763387473,1.51e-09,finngen_R10_K11_IBD_STRICT.gz
rs7845219,-0.0476876763387473,1.75e-15,finngen_R10_K11_IBD_STRICT.gz
rs11774700,-0.0476876763387473,4.3800000000000005e-43,finngen_R10_K11_IBD_STRICT.gz
rs6475311,-0.0476876763387473,1.14e-09,finngen_R10_K11_IBD_STRICT.gz
rs7038553,-0.0476876763387473,1.1e-11,finngen_R10_K11_IBD_STRICT.gz
rs17791513,-0.0476876763387473,1.43e-14,finngen_R10_K11_IBD_STRICT.gz
rs2796441,-0.0476876763387473,3.7e-17,finngen_R10_K11_IBD_STRICT.gz
rs7873130,-0.0476876763387473,6.5e-10,finngen_R10_K11_IBD_STRICT.gz
rs10985911,-0.0476876763387473,4.79e-10,finngen_R10_K11_IBD_STRICT.gz
rs687289,-0.0476876763387473,6.7e-14,finngen_R10_K11_IBD_STRICT.gz
rs7100710,0.0851396015915761,6.62e-27,finngen_R10_K11_LIVER.gz
rs4317935,0.0851396015915761,2.43e-10,finngen_R10_K11_LIVER.gz
rs12249208,0.0851396015915761,5.75e-12,finngen_R10_K11_LIVER.gz
rs10762307,0.0851396015915761,5.73e-12,finngen_R10_K11_LIVER.gz
rs810517,0.0851396015915761,1.39e-35,finngen_R10_K11_LIVER.gz
rs10887775,0.0851396015915761,7.89e-12,finngen_R10_K11_LIVER.gz
rs10882102,0.0851396015915761,1.44e-63,finngen_R10_K11_LIVER.gz
rs701814,0.0851396015915761,5.39e-13,finngen_R10_K11_LIVER.gz
rs34872471,0.0851396015915761,0.0,finngen_R10_K11_LIVER.gz
rs11592174,0.0851396015915761,5.78e-12,finngen_R10_K11_LIVER.gz
rs163184,0.0851396015915761,1.16e-43,finngen_R10_K11_LIVER.gz
rs1002226,0.0851396015915761,1.34e-20,finngen_R10_K11_LIVER.gz
rs1228479,0.0851396015915761,1.54e-10,finngen_R10_K11_LIVER.gz
rs16926116,0.0851396015915761,2.51e-11,finngen_R10_K11_LIVER.gz
rs2625387,0.0851396015915761,2e-12,finngen_R10_K11_LIVER.gz
rs3974686,0.0851396015915761,8.19e-11,finngen_R10_K11_LIVER.gz
rs10896012,0.0851396015915761,2.49e-13,finngen_R10_K11_LIVER.gz
rs77464186,0.0851396015915761,1.0600000000000001e-21,finngen_R10_K11_LIVER.gz
rs11020124,0.0851396015915761,9.29e-22,finngen_R10_K11_LIVER.gz
rs67232546,0.0851396015915761,2.42e-11,finngen_R10_K11_LIVER.gz
rs55688155,0.0851396015915761,3.01e-09,finngen_R10_K11_LIVER.gz
rs12578595,0.0851396015915761,5.58e-14,finngen_R10_K11_LIVER.gz
rs12423065,0.0851396015915761,3.54e-09,finngen_R10_K11_LIVER.gz
rs2261070,0.0851396015915761,1.3999999999999999e-24,finngen_R10_K11_LIVER.gz
rs7956274,0.0851396015915761,3.63e-12,finngen_R10_K11_LIVER.gz
rs11111510,0.0851396015915761,3.36e-09,finngen_R10_K11_LIVER.gz
rs7965349,0.0851396015915761,2e-17,finngen_R10_K11_LIVER.gz
rs825476,0.0851396015915761,3.59e-16,finngen_R10_K11_LIVER.gz
rs10507349,0.0851396015915761,2.52e-13,finngen_R10_K11_LIVER.gz
rs11839569,0.0851396015915761,1.28e-12,finngen_R10_K11_LIVER.gz
rs9788315,0.0851396015915761,3.11e-10,finngen_R10_K11_LIVER.gz
rs1327315,0.0851396015915761,8.31e-33,finngen_R10_K11_LIVER.gz
rs7987740,0.0851396015915761,2.05e-10,finngen_R10_K11_LIVER.gz
rs2183237,0.0851396015915761,2.42e-12,finngen_R10_K11_LIVER.gz
rs58231973,0.0851396015915761,6.97e-10,finngen_R10_K11_LIVER.gz
rs12431732,0.0851396015915761,9.63e-10,finngen_R10_K11_LIVER.gz
rs61995406,0.0851396015915761,1.57e-10,finngen_R10_K11_LIVER.gz
rs3783395,0.0851396015915761,2.2e-11,finngen_R10_K11_LIVER.gz
rs34715063,0.0851396015915761,2.41e-16,finngen_R10_K11_LIVER.gz
rs2289739,0.0851396015915761,2.37e-11,finngen_R10_K11_LIVER.gz
rs35609972,0.0851396015915761,4.46e-10,finngen_R10_K11_LIVER.gz
rs6494307,0.0851396015915761,8.92e-15,finngen_R10_K11_LIVER.gz
rs907381,0.0851396015915761,1.93e-15,finngen_R10_K11_LIVER.gz
rs6495474,0.0851396015915761,6.86e-10,finngen_R10_K11_LIVER.gz
rs1371135,0.0851396015915761,5.61e-23,finngen_R10_K11_LIVER.gz
rs6600191,0.0851396015915761,2.74e-09,finngen_R10_K11_LIVER.gz
rs7193144,0.0851396015915761,1.59e-63,finngen_R10_K11_LIVER.gz
rs244420,0.0851396015915761,3.4e-18,finngen_R10_K11_LIVER.gz
rs889512,0.0851396015915761,4.58e-21,finngen_R10_K11_LIVER.gz
rs2927307,0.0851396015915761,1.99e-12,finngen_R10_K11_LIVER.gz
rs2278524,0.0851396015915761,5.76e-15,finngen_R10_K11_LIVER.gz
rs2429244,0.0851396015915761,4.44e-09,finngen_R10_K11_LIVER.gz
rs11651755,0.0851396015915761,3.8999999999999994e-23,finngen_R10_K11_LIVER.gz
rs302864,0.0851396015915761,2.23e-09,finngen_R10_K11_LIVER.gz
rs72845888,0.0851396015915761,3.26e-10,finngen_R10_K11_LIVER.gz
rs11658220,0.0851396015915761,2.78e-09,finngen_R10_K11_LIVER.gz
rs9948462,0.0851396015915761,5.29e-11,finngen_R10_K11_LIVER.gz
rs891387,0.0851396015915761,1.61e-11,finngen_R10_K11_LIVER.gz
rs11663816,0.0851396015915761,3.53e-17,finngen_R10_K11_LIVER.gz
rs71353381,0.0851396015915761,6.78e-10,finngen_R10_K11_LIVER.gz
rs3786901,0.0851396015915761,8.91e-14,finngen_R10_K11_LIVER.gz
rs10406431,0.0851396015915761,1.8899999999999998e-24,finngen_R10_K11_LIVER.gz
rs927742,0.0851396015915761,4.09e-09,finngen_R10_K11_LIVER.gz
rs6683792,0.0851396015915761,1.03e-11,finngen_R10_K11_LIVER.gz
rs16826000,0.0851396015915761,8.580000000000001e-21,finngen_R10_K11_LIVER.gz
rs12089749,0.0851396015915761,4.04e-20,finngen_R10_K11_LIVER.gz
rs12140153,0.0851396015915761,4.19e-10,finngen_R10_K11_LIVER.gz
rs12036036,0.0851396015915761,3.52e-11,finngen_R10_K11_LIVER.gz
rs1546924,0.0851396015915761,1.59e-09,finngen_R10_K11_LIVER.gz
rs1127655,0.0851396015915761,1.42e-11,finngen_R10_K11_LIVER.gz
rs630372,0.0851396015915761,1.58e-09,finngen_R10_K11_LIVER.gz
rs2075423,0.0851396015915761,2.41e-21,finngen_R10_K11_LIVER.gz
rs1415293,0.0851396015915761,2.81e-14,finngen_R10_K11_LIVER.gz
rs1749578,0.0851396015915761,3.99e-12,finngen_R10_K11_LIVER.gz
rs6048110,0.0851396015915761,1.44e-10,finngen_R10_K11_LIVER.gz
rs2626562,0.0851396015915761,2.79e-10,finngen_R10_K11_LIVER.gz
rs2144908,0.0851396015915761,5.37e-16,finngen_R10_K11_LIVER.gz
rs55966194,0.0851396015915761,4.52e-19,finngen_R10_K11_LIVER.gz
rs6012876,0.0851396015915761,5.78e-13,finngen_R10_K11_LIVER.gz
rs6011155,0.0851396015915761,1.17e-15,finngen_R10_K11_LIVER.gz
rs9637192,0.0851396015915761,5.41e-10,finngen_R10_K11_LIVER.gz
rs111280202,0.0851396015915761,8.59e-10,finngen_R10_K11_LIVER.gz
rs12714415,0.0851396015915761,6.33e-17,finngen_R10_K11_LIVER.gz
rs7585730,0.0851396015915761,1.76e-11,finngen_R10_K11_LIVER.gz
rs13408002,0.0851396015915761,6.549999999999999e-30,finngen_R10_K11_LIVER.gz
rs243019,0.0851396015915761,1.07e-15,finngen_R10_K11_LIVER.gz
rs12470883,0.0851396015915761,1.41e-17,finngen_R10_K11_LIVER.gz
rs62146062,0.0851396015915761,1.59e-09,finngen_R10_K11_LIVER.gz
rs28545614,0.0851396015915761,1.3e-09,finngen_R10_K11_LIVER.gz
rs10169613,0.0851396015915761,4.5e-11,finngen_R10_K11_LIVER.gz
rs12617662,0.0851396015915761,1.92e-18,finngen_R10_K11_LIVER.gz
rs1355421,0.0851396015915761,3.58e-11,finngen_R10_K11_LIVER.gz
rs9630985,0.0851396015915761,2.27e-09,finngen_R10_K11_LIVER.gz
rs10205281,0.0851396015915761,1.3e-13,finngen_R10_K11_LIVER.gz
rs892513,0.0851396015915761,4.08e-09,finngen_R10_K11_LIVER.gz
rs2972144,0.0851396015915761,1.8199999999999997e-46,finngen_R10_K11_LIVER.gz
rs1496653,0.0851396015915761,8.800000000000001e-29,finngen_R10_K11_LIVER.gz
rs12715421,0.0851396015915761,1.14e-10,finngen_R10_K11_LIVER.gz
rs9311485,0.0851396015915761,2.3e-12,finngen_R10_K11_LIVER.gz
rs7640090,0.0851396015915761,9.99e-14,finngen_R10_K11_LIVER.gz
rs9860730,0.0851396015915761,3.96e-12,finngen_R10_K11_LIVER.gz
rs9836630,0.0851396015915761,2.64e-11,finngen_R10_K11_LIVER.gz
rs9857105,0.0851396015915761,6.47e-10,finngen_R10_K11_LIVER.gz
rs2124500,0.0851396015915761,7.1200000000000005e-43,finngen_R10_K11_LIVER.gz
rs2178385,0.0851396015915761,8.91e-10,finngen_R10_K11_LIVER.gz
rs9844972,0.0851396015915761,6.71e-15,finngen_R10_K11_LIVER.gz
rs4622883,0.0851396015915761,2.04e-13,finngen_R10_K11_LIVER.gz
rs11925227,0.0851396015915761,2.05e-10,finngen_R10_K11_LIVER.gz
rs9815642,0.0851396015915761,1.09e-11,finngen_R10_K11_LIVER.gz
rs11929397,0.0851396015915761,2.88e-75,finngen_R10_K11_LIVER.gz
rs76034781,0.0851396015915761,4.42e-12,finngen_R10_K11_LIVER.gz
rs13103357,0.0851396015915761,1.7199999999999998e-48,finngen_R10_K11_LIVER.gz
rs7662934,0.0851396015915761,3.68e-09,finngen_R10_K11_LIVER.gz
rs6844902,0.0851396015915761,1.92e-10,finngen_R10_K11_LIVER.gz
rs993380,0.0851396015915761,1.77e-14,finngen_R10_K11_LIVER.gz
rs56390365,0.0851396015915761,1.24e-09,finngen_R10_K11_LIVER.gz
rs769670,0.0851396015915761,9.6e-11,finngen_R10_K11_LIVER.gz
rs9991574,0.0851396015915761,1.4e-12,finngen_R10_K11_LIVER.gz
rs3087948,0.0851396015915761,4.52e-14,finngen_R10_K11_LIVER.gz
rs702634,0.0851396015915761,7.35e-17,finngen_R10_K11_LIVER.gz
rs463204,0.0851396015915761,4.31e-12,finngen_R10_K11_LIVER.gz
rs6878122,0.0851396015915761,4.56e-13,finngen_R10_K11_LIVER.gz
rs1664551,0.0851396015915761,2.08e-09,finngen_R10_K11_LIVER.gz
rs2304607,0.0851396015915761,1.22e-10,finngen_R10_K11_LIVER.gz
rs116234738,0.0851396015915761,2.2600000000000002e-26,finngen_R10_K11_LIVER.gz
rs10440833,0.0851396015915761,7.98e-76,finngen_R10_K11_LIVER.gz
rs9273368,0.0851396015915761,2.34e-33,finngen_R10_K11_LIVER.gz
rs9369425,0.0851396015915761,5.1e-11,finngen_R10_K11_LIVER.gz
rs3798519,0.0851396015915761,5.04e-16,finngen_R10_K11_LIVER.gz
rs7766794,0.0851396015915761,6.56e-10,finngen_R10_K11_LIVER.gz
rs719727,0.0851396015915761,2.27e-12,finngen_R10_K11_LIVER.gz
rs4895598,0.0851396015915761,6.95e-10,finngen_R10_K11_LIVER.gz
rs624319,0.0851396015915761,4.64e-14,finngen_R10_K11_LIVER.gz
rs4721089,0.0851396015915761,2.01e-12,finngen_R10_K11_LIVER.gz
rs10258074,0.0851396015915761,3e-35,finngen_R10_K11_LIVER.gz
rs10486490,0.0851396015915761,2.91e-09,finngen_R10_K11_LIVER.gz
rs1635853,0.0851396015915761,3.0399999999999997e-38,finngen_R10_K11_LIVER.gz
rs1464786,0.0851396015915761,5.37e-10,finngen_R10_K11_LIVER.gz
rs34324971,0.0851396015915761,4.3e-14,finngen_R10_K11_LIVER.gz
rs506597,0.0851396015915761,2.85e-09,finngen_R10_K11_LIVER.gz
rs10244364,0.0851396015915761,1.8e-12,finngen_R10_K11_LIVER.gz
rs7783857,0.0851396015915761,3.56e-14,finngen_R10_K11_LIVER.gz
rs7786095,0.0851396015915761,3.46e-15,finngen_R10_K11_LIVER.gz
rs13260303,0.0851396015915761,1.25e-10,finngen_R10_K11_LIVER.gz
rs13365225,0.0851396015915761,1.3e-09,finngen_R10_K11_LIVER.gz
rs10112467,0.0851396015915761,1.51e-09,finngen_R10_K11_LIVER.gz
rs7845219,0.0851396015915761,1.75e-15,finngen_R10_K11_LIVER.gz
rs11774700,0.0851396015915761,4.3800000000000005e-43,finngen_R10_K11_LIVER.gz
rs6475311,0.0851396015915761,1.14e-09,finngen_R10_K11_LIVER.gz
rs7038553,0.0851396015915761,1.1e-11,finngen_R10_K11_LIVER.gz
rs17791513,0.0851396015915761,1.43e-14,finngen_R10_K11_LIVER.gz
rs2796441,0.0851396015915761,3.7e-17,finngen_R10_K11_LIVER.gz
rs7873130,0.0851396015915761,6.5e-10,finngen_R10_K11_LIVER.gz
rs10985911,0.0851396015915761,4.79e-10,finngen_R10_K11_LIVER.gz
rs687289,0.0851396015915761,6.7e-14,finngen_R10_K11_LIVER.gz
rs7100710,0.0734344870406252,6.62e-27,finngen_R10_M13_RHEUMA.gz
rs4317935,0.0734344870406252,2.43e-10,finngen_R10_M13_RHEUMA.gz
rs12249208,0.0734344870406252,5.75e-12,finngen_R10_M13_RHEUMA.gz
rs10762307,0.0734344870406252,5.73e-12,finngen_R10_M13_RHEUMA.gz
rs810517,0.0734344870406252,1.39e-35,finngen_R10_M13_RHEUMA.gz
rs10887775,0.0734344870406252,7.89e-12,finngen_R10_M13_RHEUMA.gz
rs10882102,0.0734344870406252,1.44e-63,finngen_R10_M13_RHEUMA.gz
rs701814,0.0734344870406252,5.39e-13,finngen_R10_M13_RHEUMA.gz
rs34872471,0.0734344870406252,0.0,finngen_R10_M13_RHEUMA.gz
rs11592174,0.0734344870406252,5.78e-12,finngen_R10_M13_RHEUMA.gz
rs163184,0.0734344870406252,1.16e-43,finngen_R10_M13_RHEUMA.gz
rs1002226,0.0734344870406252,1.34e-20,finngen_R10_M13_RHEUMA.gz
rs1228479,0.0734344870406252,1.54e-10,finngen_R10_M13_RHEUMA.gz
rs16926116,0.0734344870406252,2.51e-11,finngen_R10_M13_RHEUMA.gz
rs2625387,0.0734344870406252,2e-12,finngen_R10_M13_RHEUMA.gz
rs3974686,0.0734344870406252,8.19e-11,finngen_R10_M13_RHEUMA.gz
rs10896012,0.0734344870406252,2.49e-13,finngen_R10_M13_RHEUMA.gz
rs77464186,0.0734344870406252,1.0600000000000001e-21,finngen_R10_M13_RHEUMA.gz
rs11020124,0.0734344870406252,9.29e-22,finngen_R10_M13_RHEUMA.gz
rs67232546,0.0734344870406252,2.42e-11,finngen_R10_M13_RHEUMA.gz
rs55688155,0.0734344870406252,3.01e-09,finngen_R10_M13_RHEUMA.gz
rs12578595,0.0734344870406252,5.58e-14,finngen_R10_M13_RHEUMA.gz
rs12423065,0.0734344870406252,3.54e-09,finngen_R10_M13_RHEUMA.gz
rs2261070,0.0734344870406252,1.3999999999999999e-24,finngen_R10_M13_RHEUMA.gz
rs7956274,0.0734344870406252,3.63e-12,finngen_R10_M13_RHEUMA.gz
rs11111510,0.0734344870406252,3.36e-09,finngen_R10_M13_RHEUMA.gz
rs7965349,0.0734344870406252,2e-17,finngen_R10_M13_RHEUMA.gz
rs825476,0.0734344870406252,3.59e-16,finngen_R10_M13_RHEUMA.gz
rs10507349,0.0734344870406252,2.52e-13,finngen_R10_M13_RHEUMA.gz
rs11839569,0.0734344870406252,1.28e-12,finngen_R10_M13_RHEUMA.gz
rs9788315,0.0734344870406252,3.11e-10,finngen_R10_M13_RHEUMA.gz
rs1327315,0.0734344870406252,8.31e-33,finngen_R10_M13_RHEUMA.gz
rs7987740,0.0734344870406252,2.05e-10,finngen_R10_M13_RHEUMA.gz
rs2183237,0.0734344870406252,2.42e-12,finngen_R10_M13_RHEUMA.gz
rs58231973,0.0734344870406252,6.97e-10,finngen_R10_M13_RHEUMA.gz
rs12431732,0.0734344870406252,9.63e-10,finngen_R10_M13_RHEUMA.gz
rs61995406,0.0734344870406252,1.57e-10,finngen_R10_M13_RHEUMA.gz
rs3783395,0.0734344870406252,2.2e-11,finngen_R10_M13_RHEUMA.gz
rs34715063,0.0734344870406252,2.41e-16,finngen_R10_M13_RHEUMA.gz
rs2289739,0.0734344870406252,2.37e-11,finngen_R10_M13_RHEUMA.gz
rs35609972,0.0734344870406252,4.46e-10,finngen_R10_M13_RHEUMA.gz
rs6494307,0.0734344870406252,8.92e-15,finngen_R10_M13_RHEUMA.gz
rs907381,0.0734344870406252,1.93e-15,finngen_R10_M13_RHEUMA.gz
rs6495474,0.0734344870406252,6.86e-10,finngen_R10_M13_RHEUMA.gz
rs1371135,0.0734344870406252,5.61e-23,finngen_R10_M13_RHEUMA.gz
rs6600191,0.0734344870406252,2.74e-09,finngen_R10_M13_RHEUMA.gz
rs7193144,0.0734344870406252,1.59e-63,finngen_R10_M13_RHEUMA.gz
rs244420,0.0734344870406252,3.4e-18,finngen_R10_M13_RHEUMA.gz
rs889512,0.0734344870406252,4.58e-21,finngen_R10_M13_RHEUMA.gz
rs2927307,0.0734344870406252,1.99e-12,finngen_R10_M13_RHEUMA.gz
rs2278524,0.0734344870406252,5.76e-15,finngen_R10_M13_RHEUMA.gz
rs2429244,0.0734344870406252,4.44e-09,finngen_R10_M13_RHEUMA.gz
rs11651755,0.0734344870406252,3.8999999999999994e-23,finngen_R10_M13_RHEUMA.gz
rs302864,0.0734344870406252,2.23e-09,finngen_R10_M13_RHEUMA.gz
rs72845888,0.0734344870406252,3.26e-10,finngen_R10_M13_RHEUMA.gz
rs11658220,0.0734344870406252,2.78e-09,finngen_R10_M13_RHEUMA.gz
rs9948462,0.0734344870406252,5.29e-11,finngen_R10_M13_RHEUMA.gz
rs891387,0.0734344870406252,1.61e-11,finngen_R10_M13_RHEUMA.gz
rs11663816,0.0734344870406252,3.53e-17,finngen_R10_M13_RHEUMA.gz
rs71353381,0.0734344870406252,6.78e-10,finngen_R10_M13_RHEUMA.gz
rs3786901,0.0734344870406252,8.91e-14,finngen_R10_M13_RHEUMA.gz
rs10406431,0.0734344870406252,1.8899999999999998e-24,finngen_R10_M13_RHEUMA.gz
rs927742,0.0734344870406252,4.09e-09,finngen_R10_M13_RHEUMA.gz
rs6683792,0.0734344870406252,1.03e-11,finngen_R10_M13_RHEUMA.gz
rs16826000,0.0734344870406252,8.580000000000001e-21,finngen_R10_M13_RHEUMA.gz
rs12089749,0.0734344870406252,4.04e-20,finngen_R10_M13_RHEUMA.gz
rs12140153,0.0734344870406252,4.19e-10,finngen_R10_M13_RHEUMA.gz
rs12036036,0.0734344870406252,3.52e-11,finngen_R10_M13_RHEUMA.gz
rs1546924,0.0734344870406252,1.59e-09,finngen_R10_M13_RHEUMA.gz
rs1127655,0.0734344870406252,1.42e-11,finngen_R10_M13_RHEUMA.gz
rs630372,0.0734344870406252,1.58e-09,finngen_R10_M13_RHEUMA.gz
rs2075423,0.0734344870406252,2.41e-21,finngen_R10_M13_RHEUMA.gz
rs1415293,0.0734344870406252,2.81e-14,finngen_R10_M13_RHEUMA.gz
rs1749578,0.0734344870406252,3.99e-12,finngen_R10_M13_RHEUMA.gz
rs6048110,0.0734344870406252,1.44e-10,finngen_R10_M13_RHEUMA.gz
rs2626562,0.0734344870406252,2.79e-10,finngen_R10_M13_RHEUMA.gz
rs2144908,0.0734344870406252,5.37e-16,finngen_R10_M13_RHEUMA.gz
rs55966194,0.0734344870406252,4.52e-19,finngen_R10_M13_RHEUMA.gz
rs6012876,0.0734344870406252,5.78e-13,finngen_R10_M13_RHEUMA.gz
rs6011155,0.0734344870406252,1.17e-15,finngen_R10_M13_RHEUMA.gz
rs9637192,0.0734344870406252,5.41e-10,finngen_R10_M13_RHEUMA.gz
rs111280202,0.0734344870406252,8.59e-10,finngen_R10_M13_RHEUMA.gz
rs12714415,0.0734344870406252,6.33e-17,finngen_R10_M13_RHEUMA.gz
rs7585730,0.0734344870406252,1.76e-11,finngen_R10_M13_RHEUMA.gz
rs13408002,0.0734344870406252,6.549999999999999e-30,finngen_R10_M13_RHEUMA.gz
rs243019,0.0734344870406252,1.07e-15,finngen_R10_M13_RHEUMA.gz
rs12470883,0.0734344870406252,1.41e-17,finngen_R10_M13_RHEUMA.gz
rs62146062,0.0734344870406252,1.59e-09,finngen_R10_M13_RHEUMA.gz
rs28545614,0.0734344870406252,1.3e-09,finngen_R10_M13_RHEUMA.gz
rs10169613,0.0734344870406252,4.5e-11,finngen_R10_M13_RHEUMA.gz
rs12617662,0.0734344870406252,1.92e-18,finngen_R10_M13_RHEUMA.gz
rs1355421,0.0734344870406252,3.58e-11,finngen_R10_M13_RHEUMA.gz
rs9630985,0.0734344870406252,2.27e-09,finngen_R10_M13_RHEUMA.gz
rs10205281,0.0734344870406252,1.3e-13,finngen_R10_M13_RHEUMA.gz
rs892513,0.0734344870406252,4.08e-09,finngen_R10_M13_RHEUMA.gz
rs2972144,0.0734344870406252,1.8199999999999997e-46,finngen_R10_M13_RHEUMA.gz
rs1496653,0.0734344870406252,8.800000000000001e-29,finngen_R10_M13_RHEUMA.gz
rs12715421,0.0734344870406252,1.14e-10,finngen_R10_M13_RHEUMA.gz
rs9311485,0.0734344870406252,2.3e-12,finngen_R10_M13_RHEUMA.gz
rs7640090,0.0734344870406252,9.99e-14,finngen_R10_M13_RHEUMA.gz
rs9860730,0.0734344870406252,3.96e-12,finngen_R10_M13_RHEUMA.gz
rs9836630,0.0734344870406252,2.64e-11,finngen_R10_M13_RHEUMA.gz
rs9857105,0.0734344870406252,6.47e-10,finngen_R10_M13_RHEUMA.gz
rs2124500,0.0734344870406252,7.1200000000000005e-43,finngen_R10_M13_RHEUMA.gz
rs2178385,0.0734344870406252,8.91e-10,finngen_R10_M13_RHEUMA.gz
rs9844972,0.0734344870406252,6.71e-15,finngen_R10_M13_RHEUMA.gz
rs4622883,0.0734344870406252,2.04e-13,finngen_R10_M13_RHEUMA.gz
rs11925227,0.0734344870406252,2.05e-10,finngen_R10_M13_RHEUMA.gz
rs9815642,0.0734344870406252,1.09e-11,finngen_R10_M13_RHEUMA.gz
rs11929397,0.0734344870406252,2.88e-75,finngen_R10_M13_RHEUMA.gz
rs76034781,0.0734344870406252,4.42e-12,finngen_R10_M13_RHEUMA.gz
rs13103357,0.0734344870406252,1.7199999999999998e-48,finngen_R10_M13_RHEUMA.gz
rs7662934,0.0734344870406252,3.68e-09,finngen_R10_M13_RHEUMA.gz
rs6844902,0.0734344870406252,1.92e-10,finngen_R10_M13_RHEUMA.gz
rs993380,0.0734344870406252,1.77e-14,finngen_R10_M13_RHEUMA.gz
rs56390365,0.0734344870406252,1.24e-09,finngen_R10_M13_RHEUMA.gz
rs769670,0.0734344870406252,9.6e-11,finngen_R10_M13_RHEUMA.gz
rs9991574,0.0734344870406252,1.4e-12,finngen_R10_M13_RHEUMA.gz
rs3087948,0.0734344870406252,4.52e-14,finngen_R10_M13_RHEUMA.gz
rs702634,0.0734344870406252,7.35e-17,finngen_R10_M13_RHEUMA.gz
rs463204,0.0734344870406252,4.31e-12,finngen_R10_M13_RHEUMA.gz
rs6878122,0.0734344870406252,4.56e-13,finngen_R10_M13_RHEUMA.gz
rs1664551,0.0734344870406252,2.08e-09,finngen_R10_M13_RHEUMA.gz
rs2304607,0.0734344870406252,1.22e-10,finngen_R10_M13_RHEUMA.gz
rs116234738,0.0734344870406252,2.2600000000000002e-26,finngen_R10_M13_RHEUMA.gz
rs10440833,0.0734344870406252,7.98e-76,finngen_R10_M13_RHEUMA.gz
rs9273368,0.0734344870406252,2.34e-33,finngen_R10_M13_RHEUMA.gz
rs9369425,0.0734344870406252,5.1e-11,finngen_R10_M13_RHEUMA.gz
rs3798519,0.0734344870406252,5.04e-16,finngen_R10_M13_RHEUMA.gz
rs7766794,0.0734344870406252,6.56e-10,finngen_R10_M13_RHEUMA.gz
rs719727,0.0734344870406252,2.27e-12,finngen_R10_M13_RHEUMA.gz
rs4895598,0.0734344870406252,6.95e-10,finngen_R10_M13_RHEUMA.gz
rs624319,0.0734344870406252,4.64e-14,finngen_R10_M13_RHEUMA.gz
rs4721089,0.0734344870406252,2.01e-12,finngen_R10_M13_RHEUMA.gz
rs10258074,0.0734344870406252,3e-35,finngen_R10_M13_RHEUMA.gz
rs10486490,0.0734344870406252,2.91e-09,finngen_R10_M13_RHEUMA.gz
rs1635853,0.0734344870406252,3.0399999999999997e-38,finngen_R10_M13_RHEUMA.gz
rs1464786,0.0734344870406252,5.37e-10,finngen_R10_M13_RHEUMA.gz
rs34324971,0.0734344870406252,4.3e-14,finngen_R10_M13_RHEUMA.gz
rs506597,0.0734344870406252,2.85e-09,finngen_R10_M13_RHEUMA.gz
rs10244364,0.0734344870406252,1.8e-12,finngen_R10_M13_RHEUMA.gz
rs7783857,0.0734344870406252,3.56e-14,finngen_R10_M13_RHEUMA.gz
rs7786095,0.0734344870406252,3.46e-15,finngen_R10_M13_RHEUMA.gz
rs13260303,0.0734344870406252,1.25e-10,finngen_R10_M13_RHEUMA.gz
rs13365225,0.0734344870406252,1.3e-09,finngen_R10_M13_RHEUMA.gz
rs10112467,0.0734344870406252,1.51e-09,finngen_R10_M13_RHEUMA.gz
rs7845219,0.0734344870406252,1.75e-15,finngen_R10_M13_RHEUMA.gz
rs11774700,0.0734344870406252,4.3800000000000005e-43,finngen_R10_M13_RHEUMA.gz
rs6475311,0.0734344870406252,1.14e-09,finngen_R10_M13_RHEUMA.gz
rs7038553,0.0734344870406252,1.1e-11,finngen_R10_M13_RHEUMA.gz
rs17791513,0.0734344870406252,1.43e-14,finngen_R10_M13_RHEUMA.gz
rs2796441,0.0734344870406252,3.7e-17,finngen_R10_M13_RHEUMA.gz
rs7873130,0.0734344870406252,6.5e-10,finngen_R10_M13_RHEUMA.gz
rs10985911,0.0734344870406252,4.79e-10,finngen_R10_M13_RHEUMA.gz
rs687289,0.0734344870406252,6.7e-14,finngen_R10_M13_RHEUMA.gz
rs7100710,0.168816039178335,6.62e-27,finngen_R10_N14_CHRONKIDNEYDIS.gz
rs4317935,0.168816039178335,2.43e-10,finngen_R10_N14_CHRONKIDNEYDIS.gz
rs12249208,0.168816039178335,5.75e-12,finngen_R10_N14_CHRONKIDNEYDIS.gz
rs10762307,0.168816039178335,5.73e-12,finngen_R10_N14_CHRONKIDNEYDIS.gz
rs810517,0.168816039178335,1.39e-35,finngen_R10_N14_CHRONKIDNEYDIS.gz
rs10887775,0.168816039178335,7.89e-12,finngen_R10_N14_CHRONKIDNEYDIS.gz
rs10882102,0.168816039178335,1.44e-63,finngen_R10_N14_CHRONKIDNEYDIS.gz
rs701814,0.168816039178335,5.39e-13,finngen_R10_N14_CHRONKIDNEYDIS.gz
rs34872471,0.168816039178335,0.0,finngen_R10_N14_CHRONKIDNEYDIS.gz
rs11592174,0.168816039178335,5.78e-12,finngen_R10_N14_CHRONKIDNEYDIS.gz
rs163184,0.168816039178335,1.16e-43,finngen_R10_N14_CHRONKIDNEYDIS.gz
rs1002226,0.168816039178335,1.34e-20,finngen_R10_N14_CHRONKIDNEYDIS.gz
rs1228479,0.168816039178335,1.54e-10,finngen_R10_N14_CHRONKIDNEYDIS.gz
rs16926116,0.168816039178335,2.51e-11,finngen_R10_N14_CHRONKIDNEYDIS.gz
rs2625387,0.168816039178335,2e-12,finngen_R10_N14_CHRONKIDNEYDIS.gz
rs3974686,0.168816039178335,8.19e-11,finngen_R10_N14_CHRONKIDNEYDIS.gz
rs10896012,0.168816039178335,2.49e-13,finngen_R10_N14_CHRONKIDNEYDIS.gz
rs77464186,0.168816039178335,1.0600000000000001e-21,finngen_R10_N14_CHRONKIDNEYDIS.gz
rs11020124,0.168816039178335,9.29e-22,finngen_R10_N14_CHRONKIDNEYDIS.gz
rs67232546,0.168816039178335,2.42e-11,finngen_R10_N14_CHRONKIDNEYDIS.gz
rs55688155,0.168816039178335,3.01e-09,finngen_R10_N14_CHRONKIDNEYDIS.gz
rs12578595,0.168816039178335,5.58e-14,finngen_R10_N14_CHRONKIDNEYDIS.gz
rs12423065,0.168816039178335,3.54e-09,finngen_R10_N14_CHRONKIDNEYDIS.gz
rs2261070,0.168816039178335,1.3999999999999999e-24,finngen_R10_N14_CHRONKIDNEYDIS.gz
rs7956274,0.168816039178335,3.63e-12,finngen_R10_N14_CHRONKIDNEYDIS.gz
rs11111510,0.168816039178335,3.36e-09,finngen_R10_N14_CHRONKIDNEYDIS.gz
rs7965349,0.168816039178335,2e-17,finngen_R10_N14_CHRONKIDNEYDIS.gz
rs825476,0.168816039178335,3.59e-16,finngen_R10_N14_CHRONKIDNEYDIS.gz
rs10507349,0.168816039178335,2.52e-13,finngen_R10_N14_CHRONKIDNEYDIS.gz
rs11839569,0.168816039178335,1.28e-12,finngen_R10_N14_CHRONKIDNEYDIS.gz
rs9788315,0.168816039178335,3.11e-10,finngen_R10_N14_CHRONKIDNEYDIS.gz
rs1327315,0.168816039178335,8.31e-33,finngen_R10_N14_CHRONKIDNEYDIS.gz
rs7987740,0.168816039178335,2.05e-10,finngen_R10_N14_CHRONKIDNEYDIS.gz
rs2183237,0.168816039178335,2.42e-12,finngen_R10_N14_CHRONKIDNEYDIS.gz
rs58231973,0.168816039178335,6.97e-10,finngen_R10_N14_CHRONKIDNEYDIS.gz
rs12431732,0.168816039178335,9.63e-10,finngen_R10_N14_CHRONKIDNEYDIS.gz
rs61995406,0.168816039178335,1.57e-10,finngen_R10_N14_CHRONKIDNEYDIS.gz
rs3783395,0.168816039178335,2.2e-11,finngen_R10_N14_CHRONKIDNEYDIS.gz
rs34715063,0.168816039178335,2.41e-16,finngen_R10_N14_CHRONKIDNEYDIS.gz
rs2289739,0.168816039178335,2.37e-11,finngen_R10_N14_CHRONKIDNEYDIS.gz
rs35609972,0.168816039178335,4.46e-10,finngen_R10_N14_CHRONKIDNEYDIS.gz
rs6494307,0.168816039178335,8.92e-15,finngen_R10_N14_CHRONKIDNEYDIS.gz
rs907381,0.168816039178335,1.93e-15,finngen_R10_N14_CHRONKIDNEYDIS.gz
rs6495474,0.168816039178335,6.86e-10,finngen_R10_N14_CHRONKIDNEYDIS.gz
rs1371135,0.168816039178335,5.61e-23,finngen_R10_N14_CHRONKIDNEYDIS.gz
rs6600191,0.168816039178335,2.74e-09,finngen_R10_N14_CHRONKIDNEYDIS.gz
rs7193144,0.168816039178335,1.59e-63,finngen_R10_N14_CHRONKIDNEYDIS.gz
rs244420,0.168816039178335,3.4e-18,finngen_R10_N14_CHRONKIDNEYDIS.gz
rs889512,0.168816039178335,4.58e-21,finngen_R10_N14_CHRONKIDNEYDIS.gz
rs2927307,0.168816039178335,1.99e-12,finngen_R10_N14_CHRONKIDNEYDIS.gz
rs2278524,0.168816039178335,5.76e-15,finngen_R10_N14_CHRONKIDNEYDIS.gz
rs2429244,0.168816039178335,4.44e-09,finngen_R10_N14_CHRONKIDNEYDIS.gz
rs11651755,0.168816039178335,3.8999999999999994e-23,finngen_R10_N14_CHRONKIDNEYDIS.gz
rs302864,0.168816039178335,2.23e-09,finngen_R10_N14_CHRONKIDNEYDIS.gz
rs72845888,0.168816039178335,3.26e-10,finngen_R10_N14_CHRONKIDNEYDIS.gz
rs11658220,0.168816039178335,2.78e-09,finngen_R10_N14_CHRONKIDNEYDIS.gz
rs9948462,0.168816039178335,5.29e-11,finngen_R10_N14_CHRONKIDNEYDIS.gz
rs891387,0.168816039178335,1.61e-11,finngen_R10_N14_CHRONKIDNEYDIS.gz
rs11663816,0.168816039178335,3.53e-17,finngen_R10_N14_CHRONKIDNEYDIS.gz
rs71353381,0.168816039178335,6.78e-10,finngen_R10_N14_CHRONKIDNEYDIS.gz
rs3786901,0.168816039178335,8.91e-14,finngen_R10_N14_CHRONKIDNEYDIS.gz
rs10406431,0.168816039178335,1.8899999999999998e-24,finngen_R10_N14_CHRONKIDNEYDIS.gz
rs927742,0.168816039178335,4.09e-09,finngen_R10_N14_CHRONKIDNEYDIS.gz
rs6683792,0.168816039178335,1.03e-11,finngen_R10_N14_CHRONKIDNEYDIS.gz
rs16826000,0.168816039178335,8.580000000000001e-21,finngen_R10_N14_CHRONKIDNEYDIS.gz
rs12089749,0.168816039178335,4.04e-20,finngen_R10_N14_CHRONKIDNEYDIS.gz
rs12140153,0.168816039178335,4.19e-10,finngen_R10_N14_CHRONKIDNEYDIS.gz
rs12036036,0.168816039178335,3.52e-11,finngen_R10_N14_CHRONKIDNEYDIS.gz
rs1546924,0.168816039178335,1.59e-09,finngen_R10_N14_CHRONKIDNEYDIS.gz
rs1127655,0.168816039178335,1.42e-11,finngen_R10_N14_CHRONKIDNEYDIS.gz
rs630372,0.168816039178335,1.58e-09,finngen_R10_N14_CHRONKIDNEYDIS.gz
rs2075423,0.168816039178335,2.41e-21,finngen_R10_N14_CHRONKIDNEYDIS.gz
rs1415293,0.168816039178335,2.81e-14,finngen_R10_N14_CHRONKIDNEYDIS.gz
rs1749578,0.168816039178335,3.99e-12,finngen_R10_N14_CHRONKIDNEYDIS.gz
rs6048110,0.168816039178335,1.44e-10,finngen_R10_N14_CHRONKIDNEYDIS.gz
rs2626562,0.168816039178335,2.79e-10,finngen_R10_N14_CHRONKIDNEYDIS.gz
rs2144908,0.168816039178335,5.37e-16,finngen_R10_N14_CHRONKIDNEYDIS.gz
rs55966194,0.168816039178335,4.52e-19,finngen_R10_N14_CHRONKIDNEYDIS.gz
rs6012876,0.168816039178335,5.78e-13,finngen_R10_N14_CHRONKIDNEYDIS.gz
rs6011155,0.168816039178335,1.17e-15,finngen_R10_N14_CHRONKIDNEYDIS.gz
rs9637192,0.168816039178335,5.41e-10,finngen_R10_N14_CHRONKIDNEYDIS.gz
rs111280202,0.168816039178335,8.59e-10,finngen_R10_N14_CHRONKIDNEYDIS.gz
rs12714415,0.168816039178335,6.33e-17,finngen_R10_N14_CHRONKIDNEYDIS.gz
rs7585730,0.168816039178335,1.76e-11,finngen_R10_N14_CHRONKIDNEYDIS.gz
rs13408002,0.168816039178335,6.549999999999999e-30,finngen_R10_N14_CHRONKIDNEYDIS.gz
rs243019,0.168816039178335,1.07e-15,finngen_R10_N14_CHRONKIDNEYDIS.gz
rs12470883,0.168816039178335,1.41e-17,finngen_R10_N14_CHRONKIDNEYDIS.gz
rs62146062,0.168816039178335,1.59e-09,finngen_R10_N14_CHRONKIDNEYDIS.gz
rs28545614,0.168816039178335,1.3e-09,finngen_R10_N14_CHRONKIDNEYDIS.gz
rs10169613,0.168816039178335,4.5e-11,finngen_R10_N14_CHRONKIDNEYDIS.gz
rs12617662,0.168816039178335,1.92e-18,finngen_R10_N14_CHRONKIDNEYDIS.gz
rs1355421,0.168816039178335,3.58e-11,finngen_R10_N14_CHRONKIDNEYDIS.gz
rs9630985,0.168816039178335,2.27e-09,finngen_R10_N14_CHRONKIDNEYDIS.gz
rs10205281,0.168816039178335,1.3e-13,finngen_R10_N14_CHRONKIDNEYDIS.gz
rs892513,0.168816039178335,4.08e-09,finngen_R10_N14_CHRONKIDNEYDIS.gz
rs2972144,0.168816039178335,1.8199999999999997e-46,finngen_R10_N14_CHRONKIDNEYDIS.gz
rs1496653,0.168816039178335,8.800000000000001e-29,finngen_R10_N14_CHRONKIDNEYDIS.gz
rs12715421,0.168816039178335,1.14e-10,finngen_R10_N14_CHRONKIDNEYDIS.gz
rs9311485,0.168816039178335,2.3e-12,finngen_R10_N14_CHRONKIDNEYDIS.gz
rs7640090,0.168816039178335,9.99e-14,finngen_R10_N14_CHRONKIDNEYDIS.gz
rs9860730,0.168816039178335,3.96e-12,finngen_R10_N14_CHRONKIDNEYDIS.gz
rs9836630,0.168816039178335,2.64e-11,finngen_R10_N14_CHRONKIDNEYDIS.gz
rs9857105,0.168816039178335,6.47e-10,finngen_R10_N14_CHRONKIDNEYDIS.gz
rs2124500,0.168816039178335,7.1200000000000005e-43,finngen_R10_N14_CHRONKIDNEYDIS.gz
rs2178385,0.168816039178335,8.91e-10,finngen_R10_N14_CHRONKIDNEYDIS.gz
rs9844972,0.168816039178335,6.71e-15,finngen_R10_N14_CHRONKIDNEYDIS.gz
rs4622883,0.168816039178335,2.04e-13,finngen_R10_N14_CHRONKIDNEYDIS.gz
rs11925227,0.168816039178335,2.05e-10,finngen_R10_N14_CHRONKIDNEYDIS.gz
rs9815642,0.168816039178335,1.09e-11,finngen_R10_N14_CHRONKIDNEYDIS.gz
rs11929397,0.168816039178335,2.88e-75,finngen_R10_N14_CHRONKIDNEYDIS.gz
rs76034781,0.168816039178335,4.42e-12,finngen_R10_N14_CHRONKIDNEYDIS.gz
rs13103357,0.168816039178335,1.7199999999999998e-48,finngen_R10_N14_CHRONKIDNEYDIS.gz
rs7662934,0.168816039178335,3.68e-09,finngen_R10_N14_CHRONKIDNEYDIS.gz
rs6844902,0.168816039178335,1.92e-10,finngen_R10_N14_CHRONKIDNEYDIS.gz
rs993380,0.168816039178335,1.77e-14,finngen_R10_N14_CHRONKIDNEYDIS.gz
rs56390365,0.168816039178335,1.24e-09,finngen_R10_N14_CHRONKIDNEYDIS.gz
rs769670,0.168816039178335,9.6e-11,finngen_R10_N14_CHRONKIDNEYDIS.gz
rs9991574,0.168816039178335,1.4e-12,finngen_R10_N14_CHRONKIDNEYDIS.gz
rs3087948,0.168816039178335,4.52e-14,finngen_R10_N14_CHRONKIDNEYDIS.gz
rs702634,0.168816039178335,7.35e-17,finngen_R10_N14_CHRONKIDNEYDIS.gz
rs463204,0.168816039178335,4.31e-12,finngen_R10_N14_CHRONKIDNEYDIS.gz
rs6878122,0.168816039178335,4.56e-13,finngen_R10_N14_CHRONKIDNEYDIS.gz
rs1664551,0.168816039178335,2.08e-09,finngen_R10_N14_CHRONKIDNEYDIS.gz
rs2304607,0.168816039178335,1.22e-10,finngen_R10_N14_CHRONKIDNEYDIS.gz
rs116234738,0.168816039178335,2.2600000000000002e-26,finngen_R10_N14_CHRONKIDNEYDIS.gz
rs10440833,0.168816039178335,7.98e-76,finngen_R10_N14_CHRONKIDNEYDIS.gz
rs9273368,0.168816039178335,2.34e-33,finngen_R10_N14_CHRONKIDNEYDIS.gz
rs9369425,0.168816039178335,5.1e-11,finngen_R10_N14_CHRONKIDNEYDIS.gz
rs3798519,0.168816039178335,5.04e-16,finngen_R10_N14_CHRONKIDNEYDIS.gz
rs7766794,0.168816039178335,6.56e-10,finngen_R10_N14_CHRONKIDNEYDIS.gz
rs719727,0.168816039178335,2.27e-12,finngen_R10_N14_CHRONKIDNEYDIS.gz
rs4895598,0.168816039178335,6.95e-10,finngen_R10_N14_CHRONKIDNEYDIS.gz
rs624319,0.168816039178335,4.64e-14,finngen_R10_N14_CHRONKIDNEYDIS.gz
rs4721089,0.168816039178335,2.01e-12,finngen_R10_N14_CHRONKIDNEYDIS.gz
rs10258074,0.168816039178335,3e-35,finngen_R10_N14_CHRONKIDNEYDIS.gz
rs10486490,0.168816039178335,2.91e-09,finngen_R10_N14_CHRONKIDNEYDIS.gz
rs1635853,0.168816039178335,3.0399999999999997e-38,finngen_R10_N14_CHRONKIDNEYDIS.gz
rs1464786,0.168816039178335,5.37e-10,finngen_R10_N14_CHRONKIDNEYDIS.gz
rs34324971,0.168816039178335,4.3e-14,finngen_R10_N14_CHRONKIDNEYDIS.gz
rs506597,0.168816039178335,2.85e-09,finngen_R10_N14_CHRONKIDNEYDIS.gz
rs10244364,0.168816039178335,1.8e-12,finngen_R10_N14_CHRONKIDNEYDIS.gz
rs7783857,0.168816039178335,3.56e-14,finngen_R10_N14_CHRONKIDNEYDIS.gz
rs7786095,0.168816039178335,3.46e-15,finngen_R10_N14_CHRONKIDNEYDIS.gz
rs13260303,0.168816039178335,1.25e-10,finngen_R10_N14_CHRONKIDNEYDIS.gz
rs13365225,0.168816039178335,1.3e-09,finngen_R10_N14_CHRONKIDNEYDIS.gz
rs10112467,0.168816039178335,1.51e-09,finngen_R10_N14_CHRONKIDNEYDIS.gz
rs7845219,0.168816039178335,1.75e-15,finngen_R10_N14_CHRONKIDNEYDIS.gz
rs11774700,0.168816039178335,4.3800000000000005e-43,finngen_R10_N14_CHRONKIDNEYDIS.gz
rs6475311,0.168816039178335,1.14e-09,finngen_R10_N14_CHRONKIDNEYDIS.gz
rs7038553,0.168816039178335,1.1e-11,finngen_R10_N14_CHRONKIDNEYDIS.gz
rs17791513,0.168816039178335,1.43e-14,finngen_R10_N14_CHRONKIDNEYDIS.gz
rs2796441,0.168816039178335,3.7e-17,finngen_R10_N14_CHRONKIDNEYDIS.gz
rs7873130,0.168816039178335,6.5e-10,finngen_R10_N14_CHRONKIDNEYDIS.gz
rs10985911,0.168816039178335,4.79e-10,finngen_R10_N14_CHRONKIDNEYDIS.gz
rs687289,0.168816039178335,6.7e-14,finngen_R10_N14_CHRONKIDNEYDIS.gz
rs7100710,0.0405837511626361,6.62e-27,finngen_R10_RHEU_ARTHRITIS_OTH.gz
rs4317935,0.0405837511626361,2.43e-10,finngen_R10_RHEU_ARTHRITIS_OTH.gz
rs12249208,0.0405837511626361,5.75e-12,finngen_R10_RHEU_ARTHRITIS_OTH.gz
rs10762307,0.0405837511626361,5.73e-12,finngen_R10_RHEU_ARTHRITIS_OTH.gz
rs810517,0.0405837511626361,1.39e-35,finngen_R10_RHEU_ARTHRITIS_OTH.gz
rs10887775,0.0405837511626361,7.89e-12,finngen_R10_RHEU_ARTHRITIS_OTH.gz
rs10882102,0.0405837511626361,1.44e-63,finngen_R10_RHEU_ARTHRITIS_OTH.gz
rs701814,0.0405837511626361,5.39e-13,finngen_R10_RHEU_ARTHRITIS_OTH.gz
rs34872471,0.0405837511626361,0.0,finngen_R10_RHEU_ARTHRITIS_OTH.gz
rs11592174,0.0405837511626361,5.78e-12,finngen_R10_RHEU_ARTHRITIS_OTH.gz
rs163184,0.0405837511626361,1.16e-43,finngen_R10_RHEU_ARTHRITIS_OTH.gz
rs1002226,0.0405837511626361,1.34e-20,finngen_R10_RHEU_ARTHRITIS_OTH.gz
rs1228479,0.0405837511626361,1.54e-10,finngen_R10_RHEU_ARTHRITIS_OTH.gz
rs16926116,0.0405837511626361,2.51e-11,finngen_R10_RHEU_ARTHRITIS_OTH.gz
rs2625387,0.0405837511626361,2e-12,finngen_R10_RHEU_ARTHRITIS_OTH.gz
rs3974686,0.0405837511626361,8.19e-11,finngen_R10_RHEU_ARTHRITIS_OTH.gz
rs10896012,0.0405837511626361,2.49e-13,finngen_R10_RHEU_ARTHRITIS_OTH.gz
rs77464186,0.0405837511626361,1.0600000000000001e-21,finngen_R10_RHEU_ARTHRITIS_OTH.gz
rs11020124,0.0405837511626361,9.29e-22,finngen_R10_RHEU_ARTHRITIS_OTH.gz
rs67232546,0.0405837511626361,2.42e-11,finngen_R10_RHEU_ARTHRITIS_OTH.gz
rs55688155,0.0405837511626361,3.01e-09,finngen_R10_RHEU_ARTHRITIS_OTH.gz
rs12578595,0.0405837511626361,5.58e-14,finngen_R10_RHEU_ARTHRITIS_OTH.gz
rs12423065,0.0405837511626361,3.54e-09,finngen_R10_RHEU_ARTHRITIS_OTH.gz
rs2261070,0.0405837511626361,1.3999999999999999e-24,finngen_R10_RHEU_ARTHRITIS_OTH.gz
rs7956274,0.0405837511626361,3.63e-12,finngen_R10_RHEU_ARTHRITIS_OTH.gz
rs11111510,0.0405837511626361,3.36e-09,finngen_R10_RHEU_ARTHRITIS_OTH.gz
rs7965349,0.0405837511626361,2e-17,finngen_R10_RHEU_ARTHRITIS_OTH.gz
rs825476,0.0405837511626361,3.59e-16,finngen_R10_RHEU_ARTHRITIS_OTH.gz
rs10507349,0.0405837511626361,2.52e-13,finngen_R10_RHEU_ARTHRITIS_OTH.gz
rs11839569,0.0405837511626361,1.28e-12,finngen_R10_RHEU_ARTHRITIS_OTH.gz
rs9788315,0.0405837511626361,3.11e-10,finngen_R10_RHEU_ARTHRITIS_OTH.gz
rs1327315,0.0405837511626361,8.31e-33,finngen_R10_RHEU_ARTHRITIS_OTH.gz
rs7987740,0.0405837511626361,2.05e-10,finngen_R10_RHEU_ARTHRITIS_OTH.gz
rs2183237,0.0405837511626361,2.42e-12,finngen_R10_RHEU_ARTHRITIS_OTH.gz
rs58231973,0.0405837511626361,6.97e-10,finngen_R10_RHEU_ARTHRITIS_OTH.gz
rs12431732,0.0405837511626361,9.63e-10,finngen_R10_RHEU_ARTHRITIS_OTH.gz
rs61995406,0.0405837511626361,1.57e-10,finngen_R10_RHEU_ARTHRITIS_OTH.gz
rs3783395,0.0405837511626361,2.2e-11,finngen_R10_RHEU_ARTHRITIS_OTH.gz
rs34715063,0.0405837511626361,2.41e-16,finngen_R10_RHEU_ARTHRITIS_OTH.gz
rs2289739,0.0405837511626361,2.37e-11,finngen_R10_RHEU_ARTHRITIS_OTH.gz
rs35609972,0.0405837511626361,4.46e-10,finngen_R10_RHEU_ARTHRITIS_OTH.gz
rs6494307,0.0405837511626361,8.92e-15,finngen_R10_RHEU_ARTHRITIS_OTH.gz
rs907381,0.0405837511626361,1.93e-15,finngen_R10_RHEU_ARTHRITIS_OTH.gz
rs6495474,0.0405837511626361,6.86e-10,finngen_R10_RHEU_ARTHRITIS_OTH.gz
rs1371135,0.0405837511626361,5.61e-23,finngen_R10_RHEU_ARTHRITIS_OTH.gz
rs6600191,0.0405837511626361,2.74e-09,finngen_R10_RHEU_ARTHRITIS_OTH.gz
rs7193144,0.0405837511626361,1.59e-63,finngen_R10_RHEU_ARTHRITIS_OTH.gz
rs244420,0.0405837511626361,3.4e-18,finngen_R10_RHEU_ARTHRITIS_OTH.gz
rs889512,0.0405837511626361,4.58e-21,finngen_R10_RHEU_ARTHRITIS_OTH.gz
rs2927307,0.0405837511626361,1.99e-12,finngen_R10_RHEU_ARTHRITIS_OTH.gz
rs2278524,0.0405837511626361,5.76e-15,finngen_R10_RHEU_ARTHRITIS_OTH.gz
rs2429244,0.0405837511626361,4.44e-09,finngen_R10_RHEU_ARTHRITIS_OTH.gz
rs11651755,0.0405837511626361,3.8999999999999994e-23,finngen_R10_RHEU_ARTHRITIS_OTH.gz
rs302864,0.0405837511626361,2.23e-09,finngen_R10_RHEU_ARTHRITIS_OTH.gz
rs72845888,0.0405837511626361,3.26e-10,finngen_R10_RHEU_ARTHRITIS_OTH.gz
rs11658220,0.0405837511626361,2.78e-09,finngen_R10_RHEU_ARTHRITIS_OTH.gz
rs9948462,0.0405837511626361,5.29e-11,finngen_R10_RHEU_ARTHRITIS_OTH.gz
rs891387,0.0405837511626361,1.61e-11,finngen_R10_RHEU_ARTHRITIS_OTH.gz
rs11663816,0.0405837511626361,3.53e-17,finngen_R10_RHEU_ARTHRITIS_OTH.gz
rs71353381,0.0405837511626361,6.78e-10,finngen_R10_RHEU_ARTHRITIS_OTH.gz
rs3786901,0.0405837511626361,8.91e-14,finngen_R10_RHEU_ARTHRITIS_OTH.gz
rs10406431,0.0405837511626361,1.8899999999999998e-24,finngen_R10_RHEU_ARTHRITIS_OTH.gz
rs927742,0.0405837511626361,4.09e-09,finngen_R10_RHEU_ARTHRITIS_OTH.gz
rs6683792,0.0405837511626361,1.03e-11,finngen_R10_RHEU_ARTHRITIS_OTH.gz
rs16826000,0.0405837511626361,8.580000000000001e-21,finngen_R10_RHEU_ARTHRITIS_OTH.gz
rs12089749,0.0405837511626361,4.04e-20,finngen_R10_RHEU_ARTHRITIS_OTH.gz
rs12140153,0.0405837511626361,4.19e-10,finngen_R10_RHEU_ARTHRITIS_OTH.gz
rs12036036,0.0405837511626361,3.52e-11,finngen_R10_RHEU_ARTHRITIS_OTH.gz
rs1546924,0.0405837511626361,1.59e-09,finngen_R10_RHEU_ARTHRITIS_OTH.gz
rs1127655,0.0405837511626361,1.42e-11,finngen_R10_RHEU_ARTHRITIS_OTH.gz
rs630372,0.0405837511626361,1.58e-09,finngen_R10_RHEU_ARTHRITIS_OTH.gz
rs2075423,0.0405837511626361,2.41e-21,finngen_R10_RHEU_ARTHRITIS_OTH.gz
rs1415293,0.0405837511626361,2.81e-14,finngen_R10_RHEU_ARTHRITIS_OTH.gz
rs1749578,0.0405837511626361,3.99e-12,finngen_R10_RHEU_ARTHRITIS_OTH.gz
rs6048110,0.0405837511626361,1.44e-10,finngen_R10_RHEU_ARTHRITIS_OTH.gz
rs2626562,0.0405837511626361,2.79e-10,finngen_R10_RHEU_ARTHRITIS_OTH.gz
rs2144908,0.0405837511626361,5.37e-16,finngen_R10_RHEU_ARTHRITIS_OTH.gz
rs55966194,0.0405837511626361,4.52e-19,finngen_R10_RHEU_ARTHRITIS_OTH.gz
rs6012876,0.0405837511626361,5.78e-13,finngen_R10_RHEU_ARTHRITIS_OTH.gz
rs6011155,0.0405837511626361,1.17e-15,finngen_R10_RHEU_ARTHRITIS_OTH.gz
rs9637192,0.0405837511626361,5.41e-10,finngen_R10_RHEU_ARTHRITIS_OTH.gz
rs111280202,0.0405837511626361,8.59e-10,finngen_R10_RHEU_ARTHRITIS_OTH.gz
rs12714415,0.0405837511626361,6.33e-17,finngen_R10_RHEU_ARTHRITIS_OTH.gz
rs7585730,0.0405837511626361,1.76e-11,finngen_R10_RHEU_ARTHRITIS_OTH.gz
rs13408002,0.0405837511626361,6.549999999999999e-30,finngen_R10_RHEU_ARTHRITIS_OTH.gz
rs243019,0.0405837511626361,1.07e-15,finngen_R10_RHEU_ARTHRITIS_OTH.gz
rs12470883,0.0405837511626361,1.41e-17,finngen_R10_RHEU_ARTHRITIS_OTH.gz
rs62146062,0.0405837511626361,1.59e-09,finngen_R10_RHEU_ARTHRITIS_OTH.gz
rs28545614,0.0405837511626361,1.3e-09,finngen_R10_RHEU_ARTHRITIS_OTH.gz
rs10169613,0.0405837511626361,4.5e-11,finngen_R10_RHEU_ARTHRITIS_OTH.gz
rs12617662,0.0405837511626361,1.92e-18,finngen_R10_RHEU_ARTHRITIS_OTH.gz
rs1355421,0.0405837511626361,3.58e-11,finngen_R10_RHEU_ARTHRITIS_OTH.gz
rs9630985,0.0405837511626361,2.27e-09,finngen_R10_RHEU_ARTHRITIS_OTH.gz
rs10205281,0.0405837511626361,1.3e-13,finngen_R10_RHEU_ARTHRITIS_OTH.gz
rs892513,0.0405837511626361,4.08e-09,finngen_R10_RHEU_ARTHRITIS_OTH.gz
rs2972144,0.0405837511626361,1.8199999999999997e-46,finngen_R10_RHEU_ARTHRITIS_OTH.gz
rs1496653,0.0405837511626361,8.800000000000001e-29,finngen_R10_RHEU_ARTHRITIS_OTH.gz
rs12715421,0.0405837511626361,1.14e-10,finngen_R10_RHEU_ARTHRITIS_OTH.gz
rs9311485,0.0405837511626361,2.3e-12,finngen_R10_RHEU_ARTHRITIS_OTH.gz
rs7640090,0.0405837511626361,9.99e-14,finngen_R10_RHEU_ARTHRITIS_OTH.gz
rs9860730,0.0405837511626361,3.96e-12,finngen_R10_RHEU_ARTHRITIS_OTH.gz
rs9836630,0.0405837511626361,2.64e-11,finngen_R10_RHEU_ARTHRITIS_OTH.gz
rs9857105,0.0405837511626361,6.47e-10,finngen_R10_RHEU_ARTHRITIS_OTH.gz
rs2124500,0.0405837511626361,7.1200000000000005e-43,finngen_R10_RHEU_ARTHRITIS_OTH.gz
rs2178385,0.0405837511626361,8.91e-10,finngen_R10_RHEU_ARTHRITIS_OTH.gz
rs9844972,0.0405837511626361,6.71e-15,finngen_R10_RHEU_ARTHRITIS_OTH.gz
rs4622883,0.0405837511626361,2.04e-13,finngen_R10_RHEU_ARTHRITIS_OTH.gz
rs11925227,0.0405837511626361,2.05e-10,finngen_R10_RHEU_ARTHRITIS_OTH.gz
rs9815642,0.0405837511626361,1.09e-11,finngen_R10_RHEU_ARTHRITIS_OTH.gz
rs11929397,0.0405837511626361,2.88e-75,finngen_R10_RHEU_ARTHRITIS_OTH.gz
rs76034781,0.0405837511626361,4.42e-12,finngen_R10_RHEU_ARTHRITIS_OTH.gz
rs13103357,0.0405837511626361,1.7199999999999998e-48,finngen_R10_RHEU_ARTHRITIS_OTH.gz
rs7662934,0.0405837511626361,3.68e-09,finngen_R10_RHEU_ARTHRITIS_OTH.gz
rs6844902,0.0405837511626361,1.92e-10,finngen_R10_RHEU_ARTHRITIS_OTH.gz
rs993380,0.0405837511626361,1.77e-14,finngen_R10_RHEU_ARTHRITIS_OTH.gz
rs56390365,0.0405837511626361,1.24e-09,finngen_R10_RHEU_ARTHRITIS_OTH.gz
rs769670,0.0405837511626361,9.6e-11,finngen_R10_RHEU_ARTHRITIS_OTH.gz
rs9991574,0.0405837511626361,1.4e-12,finngen_R10_RHEU_ARTHRITIS_OTH.gz
rs3087948,0.0405837511626361,4.52e-14,finngen_R10_RHEU_ARTHRITIS_OTH.gz
rs702634,0.0405837511626361,7.35e-17,finngen_R10_RHEU_ARTHRITIS_OTH.gz
rs463204,0.0405837511626361,4.31e-12,finngen_R10_RHEU_ARTHRITIS_OTH.gz
rs6878122,0.0405837511626361,4.56e-13,finngen_R10_RHEU_ARTHRITIS_OTH.gz
rs1664551,0.0405837511626361,2.08e-09,finngen_R10_RHEU_ARTHRITIS_OTH.gz
rs2304607,0.0405837511626361,1.22e-10,finngen_R10_RHEU_ARTHRITIS_OTH.gz
rs116234738,0.0405837511626361,2.2600000000000002e-26,finngen_R10_RHEU_ARTHRITIS_OTH.gz
rs10440833,0.0405837511626361,7.98e-76,finngen_R10_RHEU_ARTHRITIS_OTH.gz
rs9273368,0.0405837511626361,2.34e-33,finngen_R10_RHEU_ARTHRITIS_OTH.gz
rs9369425,0.0405837511626361,5.1e-11,finngen_R10_RHEU_ARTHRITIS_OTH.gz
rs3798519,0.0405837511626361,5.04e-16,finngen_R10_RHEU_ARTHRITIS_OTH.gz
rs7766794,0.0405837511626361,6.56e-10,finngen_R10_RHEU_ARTHRITIS_OTH.gz
rs719727,0.0405837511626361,2.27e-12,finngen_R10_RHEU_ARTHRITIS_OTH.gz
rs4895598,0.0405837511626361,6.95e-10,finngen_R10_RHEU_ARTHRITIS_OTH.gz
rs624319,0.0405837511626361,4.64e-14,finngen_R10_RHEU_ARTHRITIS_OTH.gz
rs4721089,0.0405837511626361,2.01e-12,finngen_R10_RHEU_ARTHRITIS_OTH.gz
rs10258074,0.0405837511626361,3e-35,finngen_R10_RHEU_ARTHRITIS_OTH.gz
rs10486490,0.0405837511626361,2.91e-09,finngen_R10_RHEU_ARTHRITIS_OTH.gz
rs1635853,0.0405837511626361,3.0399999999999997e-38,finngen_R10_RHEU_ARTHRITIS_OTH.gz
rs1464786,0.0405837511626361,5.37e-10,finngen_R10_RHEU_ARTHRITIS_OTH.gz
rs34324971,0.0405837511626361,4.3e-14,finngen_R10_RHEU_ARTHRITIS_OTH.gz
rs506597,0.0405837511626361,2.85e-09,finngen_R10_RHEU_ARTHRITIS_OTH.gz
rs10244364,0.0405837511626361,1.8e-12,finngen_R10_RHEU_ARTHRITIS_OTH.gz
rs7783857,0.0405837511626361,3.56e-14,finngen_R10_RHEU_ARTHRITIS_OTH.gz
rs7786095,0.0405837511626361,3.46e-15,finngen_R10_RHEU_ARTHRITIS_OTH.gz
rs13260303,0.0405837511626361,1.25e-10,finngen_R10_RHEU_ARTHRITIS_OTH.gz
rs13365225,0.0405837511626361,1.3e-09,finngen_R10_RHEU_ARTHRITIS_OTH.gz
rs10112467,0.0405837511626361,1.51e-09,finngen_R10_RHEU_ARTHRITIS_OTH.gz
rs7845219,0.0405837511626361,1.75e-15,finngen_R10_RHEU_ARTHRITIS_OTH.gz
rs11774700,0.0405837511626361,4.3800000000000005e-43,finngen_R10_RHEU_ARTHRITIS_OTH.gz
rs6475311,0.0405837511626361,1.14e-09,finngen_R10_RHEU_ARTHRITIS_OTH.gz
rs7038553,0.0405837511626361,1.1e-11,finngen_R10_RHEU_ARTHRITIS_OTH.gz
rs17791513,0.0405837511626361,1.43e-14,finngen_R10_RHEU_ARTHRITIS_OTH.gz
rs2796441,0.0405837511626361,3.7e-17,finngen_R10_RHEU_ARTHRITIS_OTH.gz
rs7873130,0.0405837511626361,6.5e-10,finngen_R10_RHEU_ARTHRITIS_OTH.gz
rs10985911,0.0405837511626361,4.79e-10,finngen_R10_RHEU_ARTHRITIS_OTH.gz
rs687289,0.0405837511626361,6.7e-14,finngen_R10_RHEU_ARTHRITIS_OTH.gz
